이름,우편번호,주소,주소상세,전화번호,이메일
장동현,11260,경기도 과천시 언주로 589,지현서한아파트 379호,055-361-6110,areumbag@example.com
양아름,59117,경기도 고양시 덕양구 양재천637가 189-96 (건우남김동),현지하아파트 바동 513호,042-712-5000,eunju62@example.org
안재호,27285,전라북도 부천시 학동2가 172,지영남연립 나동 814호,070-1743-7029,eunseo31@example.com
김경숙,01103,세종특별자치시 영등포구 강남대827로 363-23,은경박이마을 527호,011-982-0060,tbag@example.com
박건우,36052,세종특별자치시 강동구 언주길 416,수진심타워 A동 844호,011-527-7041,mgim@example.org
류성현,13288,울산광역시 금천구 가락길 370-37,영자조연립 F동 247호,070-0916-3218,gyeonghyigim@example.com
오서영,57844,서울특별시 노원구 강남대104길 지하650 (서현백면),순자김최마을 L동 794호,016-731-7668,ri@example.net
김영진,34021,강원도 고양시 일산동구 언주길 921 (지현강면),동현황타운,064-734-8841,eunyeong85@example.net
양서영,44681,대구광역시 은평구 석촌호수길 630-99,재호오빌라,053-914-7466,yunhyeonjeong@example.com
이예준,80953,경상북도 부천시 원미구 강남대317거리 285 (혜진오허동),성훈강박빌라,061-809-4066,gimeunji@example.com
주수민,16548,부산광역시 광진구 가락거리 623-63,영일이김빌라,02-7785-3525,gimjunyeong@example.com
이하은,59728,인천광역시 양천구 학동가 435,민재박마을 G동 294호,041-185-9441,gimgyeonghyi@example.net
유예준,05180,인천광역시 영등포구 가락가 852 (영순김읍),민준홍타운 480호,019-700-7940,jiyeongi@example.net
김서연,47019,광주광역시 동대문구 삼성187거리 233,준혁이김아파트 B동 854호,011-988-9788,yeongsun03@example.net
김영식,98646,전라남도 홍천군 백제고분331로 482-65 (정남이이면),민재전박연립 172호,032-514-4818,jinboram@example.net
안민수,72699,부산광역시 마포구 개포거리 709-9,지영최고타워 V동 184호,062-517-5275,ujin91@example.com
김옥순,64168,충청북도 동두천시 서초대가 842,진호한빌라 마동 539호,041-988-7870,qi@example.com
이현지,33858,서울특별시 성북구 역삼95거리 63 (상철이황면),민지김연립 457호,011-918-1495,jihusong@example.com
조미숙,08796,부산광역시 양천구 봉은사521로 94,서영한아파트 마동 846호,032-043-7440,xbag@example.net
최은경,70659,제주특별자치도 서산시 역삼거리 802-71,민서백심타운 C동 894호,011-729-9077,gsong@example.org
심미정,94324,세종특별자치시 강북구 영동대로 804-56 (서준이성동),상훈문빌라 가동 359호,010-1113-4278,jihu56@example.net
최종수,70112,대구광역시 은평구 잠실거리 776-93,중수이지타운 014호,070-7367-6618,gwangsuseo@example.org
이현정,54302,충청남도 태안군 역삼683가 418-75,동현김이아파트,02-0953-1492,hcoe@example.net
윤병철,74358,충청북도 부천시 소사구 삼성길 577,정훈김문빌라 841호,054-474-7757,minsu51@example.org
최동현,37804,대구광역시 중랑구 서초대로 902,현주임빌라 053호,031-293-3973,yeongjagim@example.net
김영미,92169,제주특별자치도 수원시 팔달구 역삼로 890,윤서김타워 744호,041-486-5903,dbag@example.net
홍정숙,32922,경상북도 성남시 봉은사723길 124,지아권아파트 가동 496호,043-099-4280,gimyeongho@example.org
송옥자,15863,대구광역시 강남구 개포로 17-3,도현박빌라 467호,062-418-7128,jeongung42@example.org
강정희,46598,울산광역시 강남구 잠실551길 811-26,영희김류연립 161호,033-338-6868,sbag@example.org
홍유진,80534,대전광역시 용산구 강남대68거리 103,도윤이이연립,062-510-3948,jiuyun@example.org
최민서,90319,전라남도 평창군 강남대길 지하520,수진한노마을 896호,010-1240-7072,jeonghogang@example.org
김민재,67473,광주광역시 성동구 봉은사765가 지하153 (민석한동),현정김권연립,033-557-9267,bagdonghyeon@example.org
진성호,24186,대구광역시 양천구 가락1길 지하424,광수이이아파트,031-916-8982,munmyeongja@example.net
박지현,81845,인천광역시 영등포구 역삼길 97 (정훈성송동),미정성아파트 185호,053-177-7880,fo@example.org
김영수,53159,울산광역시 도봉구 석촌호수5거리 40-25,지아김엄타워,042-747-1243,xgim@example.org
김성민,34482,부산광역시 강북구 가락92거리 384-86 (현우엄양읍),예준백마을,070-9348-4977,gangyeongmi@example.org
최서준,12704,경상북도 성남시 수정구 반포대로 84-96 (상호김리),영숙이마을 668호,064-788-3867,najieun@example.org
박은지,08285,부산광역시 성북구 가락길 982-70 (시우황김읍),서준장아파트 930호,063-350-2464,cyun@example.com
서민수,46276,강원도 논산시 잠실로 818,예준박타운 가동 290호,033-749-0585,mgim@example.net
정은주,19251,부산광역시 마포구 백제고분거리 856 (지은서면),광수백고타운 B동 355호,054-986-6110,jungsu73@example.net
김하윤,02372,전라남도 성남시 분당구 봉은사로 967,성현박마을,062-473-0710,misug08@example.net
김준서,42262,대구광역시 강남구 반포대95로 950-82 (상호이김마을),민서김차연립,063-397-0660,yeongceolgu@example.net
이동현,13821,전라북도 청주시 서원구 서초대887가 91-67 (정남김마을),은정박빌라 017호,053-932-5307,junhyeog88@example.net
이예준,95893,광주광역시 은평구 도산대길 966,정훈류아파트,043-655-4354,gimminjun@example.net
서영진,99936,충청북도 서천군 개포로 766,준혁김이마을,032-280-1310,donghyeon71@example.net
손성현,62784,충청북도 의왕시 테헤란4로 2-69,명숙김김마을 355호,017-011-3106,ominji@example.com
서상호,67882,대구광역시 동구 백제고분가 595 (수진권읍),정희이타워 665호,051-929-0577,hgim@example.com
강서연,31656,서울특별시 중랑구 논현거리 850,수민김이타워 I동 711호,019-975-3653,seunghyeon85@example.com
백미정,51631,전라남도 김포시 테헤란1가 986-37 (수민안면),영자김아파트 059호,063-923-3469,yejunbag@example.net
이수민,28510,인천광역시 동대문구 선릉로 824,현주문타운,055-226-0249,kryu@example.com
이서영,09152,경상남도 괴산군 학동거리 435-71,정수최김연립 R동 738호,054-879-5425,songhyeonju@example.org
노승현,89585,경기도 양평군 강남대023로 525 (서연김진리),민지장강마을,031-027-1569,songmigyeong@example.com
장서윤,64762,제주특별자치도 영동군 영동대로 749 (정희류읍),지원최타워,051-808-8027,sonminsu@example.net
박경수,08983,세종특별자치시 강동구 반포대가 803 (수빈김서읍),은정송마을,055-354-6359,qgim@example.org
이은지,63376,대전광역시 금천구 백제고분거리 940,정숙이빌라 라동 669호,053-043-1108,ogja47@example.com
최미정,70022,제주특별자치도 과천시 언주4길 313,민준이연립 290호,054-574-4849,ijeongja@example.org
노채원,97770,경기도 안양시 논현5길 542-54 (영희최읍),상철최아파트 Q동 224호,063-328-7178,zhan@example.net
안정훈,66669,인천광역시 은평구 잠실거리 977,지은박황아파트 472호,031-415-1210,minsui@example.net
김정훈,58429,대전광역시 동대문구 석촌호수거리 776-38,민서김아파트 192호,061-164-1608,jiyeon54@example.net
이지훈,86993,광주광역시 구로구 논현가 955-90 (성민김윤리),정식최김타운 A동 259호,051-862-4376,ycoe@example.org
강미정,38917,인천광역시 은평구 논현가 489 (영숙안동),상훈박박빌라 708호,044-856-9301,yunseogim@example.net
강현숙,03483,경상남도 용인시 반포대324길 298,영길강연립,043-516-6973,seunghyeon52@example.org
이숙자,72593,대구광역시 강동구 잠실9가 3 (예준이면),상철김서연립 957호,044-184-2731,hyeonsugi@example.net
이성민,97162,대전광역시 동작구 압구정654거리 45-45 (준서이마을),민석전김마을,033-524-7892,jihyeongim@example.com
황민준,69369,대전광역시 서초구 반포대거리 677,성호서이타워 191호,064-716-6739,myeongsugcoe@example.com
이성현,84305,울산광역시 은평구 논현355가 지하437 (경수강동),정훈김아파트,02-7670-0019,seoyuni@example.com
김영환,48709,인천광역시 광진구 가락2길 751,은주김아파트,044-111-1152,yeeunheo@example.org
이영순,45968,경기도 동해시 도산대00거리 907-70,도윤박연립 416호,010-0365-3597,seojunyeong@example.com
이성호,97658,대전광역시 도봉구 선릉50길 566-81,서윤박김연립 104호,011-412-3286,donghyeon28@example.com
오건우,77358,광주광역시 강동구 개포길 280 (도현서박읍),민준김타워 582호,070-3679-1000,jimin02@example.org
박예원,87967,서울특별시 성북구 가락9로 693-96 (유진김김면),정숙문타워 894호,010-6569-0674,jongsu54@example.org
오정호,58998,세종특별자치시 강동구 영동대952가 지하77,지영김아파트 L동 487호,052-878-3020,yeongsunryu@example.net
성옥순,87327,인천광역시 양천구 봉은사로 지하529,성훈박김마을,044-280-2418,yunhyeonji@example.com
김경숙,40599,세종특별자치시 도봉구 테헤란가 934,영호윤김타운,017-206-9773,nha@example.com
이정호,90122,인천광역시 강서구 봉은사0거리 656,경숙김이빌라,011-262-5864,bgim@example.net
신정남,98780,울산광역시 종로구 언주114길 지하24 (지현성백읍),영철박연립 K동 957호,032-472-0098,gyeongsu74@example.net
안영철,31624,인천광역시 남구 석촌호수로 893-61 (성진신백면),영식이고아파트 682호,063-801-9850,kan@example.net
김영희,42019,울산광역시 노원구 도산대가 716-56,시우박고아파트 마동 079호,062-966-8096,misugyun@example.org
홍서영,37827,경상북도 천안시 서북구 서초중앙3길 907-42,옥순김빌라 621호,064-784-9119,ygim@example.com
김지후,09927,경상북도 춘천시 논현91길 766-47 (정남김리),성훈김타워,062-886-0657,seoyeongryu@example.net
이영자,76537,광주광역시 강서구 개포971가 718,준호이타운 X동 399호,044-209-2348,bbag@example.com
박영희,04949,대구광역시 영등포구 오금로 24 (민수김김마을),미숙손최마을,016-079-6966,gyeongja61@example.org
강진우,20013,광주광역시 도봉구 개포가 809 (영희이강읍),상훈박아파트 123호,019-802-8505,juweon84@example.com
김예은,09837,경상남도 보령시 가락로 248-79,정식김이빌라 832호,041-092-5025,ryun@example.com
최정숙,31875,울산광역시 서구 논현가 93 (지훈이동),옥자최김타운,016-577-4827,baeogja@example.com
주영호,66789,울산광역시 강동구 석촌호수57로 710-32,준혁홍김타운,070-5063-3268,dohyeon91@example.net
김준영,62922,부산광역시 강동구 석촌호수거리 352,종수이타워 703호,052-957-7459,zyang@example.net
김숙자,12942,인천광역시 양천구 오금거리 655,경숙박김아파트,033-329-8428,jeongja07@example.net
이은주,48451,광주광역시 금천구 도산대가 930 (지영김오동),현우김이연립,051-843-3925,jgim@example.com
김정웅,77246,경상남도 평택시 학동6길 833,예지안연립,064-768-1343,jihyeo@example.net
김아름,60214,인천광역시 강남구 영동대거리 955 (예진이박읍),영일이타운 I동 818호,032-634-2714,jihyeon99@example.net
서영호,54903,강원도 양구군 강남대로 247-62 (수빈이동),현정임타워,02-8996-5447,jeongsig33@example.net
김영식,43806,대구광역시 구로구 논현길 335,정숙강김빌라 641호,063-202-0705,iogsun@example.net
한은지,43777,서울특별시 서초구 석촌호수9길 288,준영서빌라 769호,017-077-1619,gimseoyeon@example.com
김명숙,22224,강원도 화성시 강남대거리 113 (수진박면),승현박타운 가동 720호,016-401-8327,pan@example.org
이준서,00848,광주광역시 동작구 압구정길 968-3,은서최마을 M동 128호,031-585-6202,yunyeongho@example.org
김윤서,22483,대전광역시 관악구 영동대351로 131,영환강타워 P동 691호,053-477-1779,seoyeonsong@example.net
류건우,49031,부산광역시 동작구 서초대569로 714 (진우이송리),영길이노타운 422호,010-4421-5734,eunyeong17@example.com
박지영,30546,대전광역시 구로구 선릉70거리 690,지은박장아파트 304호,016-231-5942,yeongjin03@example.net
김성훈,41536,광주광역시 마포구 백제고분거리 9,윤서안박마을 마동 634호,02-8392-5736,hyeonjigim@example.org
김정숙,96368,경상남도 부천시 소사구 서초대773로 219-28,수빈박아파트 062호,061-229-5985,seoyeon18@example.net
송현지,11865,충청북도 가평군 반포대513거리 441,성민윤황연립 G동 030호,031-834-0238,xgim@example.com
한현주,98749,경상남도 남양주시 오금863길 285 (수진박이동),종수허이마을 711호,061-110-7619,yejini@example.net
백승현,94801,경기도 강릉시 압구정09길 920,선영이마을 345동 586호,031-969-8483,baegseonyeong@example.net
박예준,65530,서울특별시 성북구 서초중앙1거리 811 (미정권읍),경수정안타워,042-462-9978,jihun87@example.net
박민서,96032,부산광역시 중구 서초대가 17-75,경자윤타워,064-784-3590,gweonminseog@example.com
박민준,88786,대구광역시 강서구 학동거리 130-2,정숙이주타워 D동 841호,054-971-2453,yundohyeon@example.net
심은정,00867,경상남도 계룡시 봉은사길 415-35,지원홍마을,043-381-9481,byeongceolcoe@example.net
박서준,95061,인천광역시 강북구 역삼6거리 848-89 (서현이황리),경희김타운 471호,016-204-5476,jiyeongim@example.com
이광수,20934,광주광역시 도봉구 서초중앙로 45,민서이빌라,062-424-3646,oi@example.net
하승현,63494,대전광역시 양천구 개포가 9,하윤최김아파트 972호,064-726-6394,eunji03@example.net
심명자,34363,대구광역시 중구 반포대760로 지하84,선영권이연립,018-760-0813,jeongsugheo@example.com
한상철,98205,경기도 연천군 서초대34가 756-23,예진배양연립 F동 382호,011-636-2720,jeonghyi59@example.org
김도윤,78307,광주광역시 마포구 삼성017거리 3 (경희김김리),재현이장아파트 893호,054-012-4476,ogim@example.com
노재현,51940,전라남도 안양시 백제고분길 370,서영이아파트,051-092-5450,misug90@example.org
김경숙,96967,전라북도 충주시 삼성가 33 (명숙김김리),영환서김아파트 404호,070-4380-1742,jeongsug77@example.org
안지원,07806,충청북도 춘천시 도산대62거리 335-89 (정남박최마을),은지김마을 M동 909호,032-772-4555,gyeonghyi69@example.org
박은정,65476,충청남도 정선군 서초대170길 831-15 (예지김동),은서안이아파트 102호,062-235-7570,jeonujin@example.com
류경자,41006,서울특별시 동작구 오금24길 104 (은경박김리),민재지구빌라 347호,064-708-7155,gi@example.org
하지원,58116,인천광역시 강서구 봉은사거리 567 (중수박면),경희손마을,019-878-9842,myeongsug64@example.org
유재현,93984,경기도 성남시 수정구 서초대로 지하827 (병철강마을),영미백김타운 711호,018-292-6832,nayujin@example.com
이재호,24939,대구광역시 북구 양재천597길 715 (영수곽면),민재강빌라,063-536-0898,donghyeon08@example.net
이현숙,10662,전라북도 동해시 도산대길 874-9 (승현이마을),재현허빌라,044-635-5253,yunseogim@example.com
윤숙자,51025,충청북도 양평군 압구정9로 918-9 (은정김면),정순최타운 541호,063-576-6284,soneunjeong@example.net
김현주,90116,제주특별자치도 시흥시 도산대거리 464 (서현주면),정식박이빌라,055-500-5379,jiagim@example.com
박선영,28001,세종특별자치시 동구 언주92길 293,지원전마을 J동 600호,018-415-4569,qo@example.net
진서연,98975,부산광역시 송파구 도산대거리 769 (예원강안읍),보람김윤연립 389호,033-477-8355,ugim@example.org
강영자,89696,세종특별자치시 도봉구 삼성872가 653 (준호박윤동),병철최한빌라 439호,042-531-7339,gimcaeweon@example.com
오순옥,13196,울산광역시 송파구 개포1가 지하196 (영수김강마을),민수이문마을 386호,061-305-6146,minseobag@example.com
이성훈,50598,전라남도 김포시 양재천11길 338 (예지이조읍),순옥안연립,031-394-1452,eunyeongju@example.org
강영미,80547,전라남도 당진시 언주로 80,영일서박마을 354호,02-7230-8013,si@example.com
김정식,17833,경기도 단양군 서초중앙로 422-22 (경희김리),지은이김타워 180호,070-3702-5118,jongsu68@example.org
김영숙,18757,부산광역시 송파구 봉은사5로 615-27 (정숙박강면),정호한한타운 M동 261호,051-961-2232,li@example.net
김은경,62237,대전광역시 동작구 양재천가 지하311,예진김연립,018-320-7188,gyeongjajang@example.org
안은경,48276,광주광역시 도봉구 오금길 37-12 (종수오동),경숙권아파트,061-455-9516,gjeong@example.org
안예지,12467,경상북도 가평군 잠실8길 621-31 (지우강리),서준임타워,052-657-4811,mijeong84@example.com
이승현,20312,인천광역시 용산구 영동대거리 290-43,예준진홍타운 768호,055-132-8734,junseo92@example.net
박지원,65096,제주특별자치도 평택시 선릉거리 366-27 (지혜이박면),하윤오이연립 060호,061-311-5179,sunja85@example.com
안은지,72943,강원도 성남시 분당구 삼성29길 207 (시우민읍),지후김빌라,063-012-3842,gimyeonggil@example.org
김상훈,93103,인천광역시 광진구 도산대로 711,영미김이타운 A동 354호,062-218-5204,gyeongsuggim@example.com
이중수,45779,대구광역시 북구 양재천7로 47 (명숙류황마을),서윤이홍마을 771호,017-112-0120,gimseoyeong@example.org
박재호,68244,대구광역시 관악구 개포길 29 (은영서읍),지연권타운 733호,016-370-0752,yeonghwan17@example.com
김수빈,73951,인천광역시 서초구 역삼로 272,지민김빌라,033-193-6516,vcoe@example.org
나정훈,82791,충청북도 철원군 백제고분로 677-11 (은정이주동),정웅김타워,016-572-5856,haeun05@example.com
김영길,50185,대구광역시 도봉구 반포대6거리 487-29 (영미김김동),은정이김연립 J동 146호,055-390-4309,iyeweon@example.net
이정호,01330,인천광역시 남구 삼성9로 319-28 (은정이박동),도현김빌라 493호,064-714-3791,abag@example.com
장지우,86379,부산광역시 동구 역삼가 520,정순이장빌라 023호,070-6450-7570,jieuni@example.net
윤미숙,69599,대구광역시 관악구 언주거리 973 (종수이리),지현최타워 Q동 322호,061-697-3051,seongho41@example.net
양성현,23168,부산광역시 강동구 테헤란길 615-82 (성수김리),서연김아파트 W동 606호,032-561-1784,jieungim@example.com
김지은,02025,광주광역시 종로구 서초대79로 298,미영박이타워,061-130-7602,jeongsu29@example.com
서영미,42779,대전광역시 용산구 오금2거리 186-57,지민문빌라,017-258-0460,junho63@example.org
박명숙,23360,대전광역시 강남구 오금33거리 734-46,선영손타운 630호,011-108-0186,dgim@example.org
이승민,56790,경기도 논산시 잠실278가 367-80 (미정김읍),지연박연립 L동 590호,010-1356-6550,jaeho55@example.com
주예원,63999,충청북도 안양시 만안구 논현2로 560,정수이타운,063-304-1215,xgim@example.org
김경자,08965,제주특별자치도 괴산군 언주80로 844 (지혜김박마을),영숙장송타운,062-236-3815,ojiyeong@example.com
한정웅,01349,대전광역시 성북구 봉은사0가 290 (준서최김마을),은정김아파트 C동 137호,016-593-1230,kgim@example.com
김정순,10483,제주특별자치도 동두천시 양재천길 955,영철윤마을 P동 484호,017-540-2464,ii@example.org
이진우,67692,충청남도 동해시 압구정93가 269,예지김윤마을,051-198-2010,gi@example.net
이혜진,25134,전라북도 안양시 만안구 가락41로 667 (채원진김읍),현우김김빌라 Z동 093호,016-610-9646,ybag@example.org
손수빈,12336,경상남도 홍천군 압구정348거리 108,지연안빌라 K동 532호,019-108-7799,ogjagim@example.org
김정남,13909,부산광역시 강서구 가락길 217-2 (은지박읍),서현박마을,010-9631-3379,sanghungang@example.net
박경희,67209,제주특별자치도 삼척시 압구정3로 393,지원이양아파트,051-961-0239,yeonggil19@example.org
이정남,92520,경상북도 정선군 봉은사가 544-83 (경자이면),지연김김연립 724호,02-7670-2126,minji01@example.org
김성훈,56666,서울특별시 서구 봉은사가 지하667,성호이김아파트,053-522-1064,cgim@example.com
남영수,60246,전라북도 양평군 선릉길 716-50 (민수이최동),영숙백김빌라 G동 738호,033-649-0619,seungmin04@example.com
이승민,89054,제주특별자치도 당진시 선릉길 998,하은이김마을 라동 694호,061-037-3583,gimseoyeon@example.com
박지민,91039,세종특별자치시 금천구 가락길 727,성현손김빌라 834호,017-564-7569,jeongungryu@example.net
김주원,85134,부산광역시 종로구 테헤란5길 967 (춘자손김동),민준권백빌라 S동 883호,019-986-8378,gangmisug@example.org
이민수,52792,제주특별자치도 제천시 봉은사56가 639 (승민강읍),영철박아파트 730호,054-984-4652,yeonghwangim@example.com
류민서,56405,대전광역시 금천구 영동대길 662-69 (영미지손동),은경김김빌라,062-583-4146,hwangdohyeon@example.net
박지우,36647,경기도 공주시 논현거리 549,지원박연립 136호,016-198-9942,jinhobag@example.com
류민지,63100,부산광역시 성동구 도산대길 655,옥순권마을 마동 019호,052-324-2203,gimcaeweon@example.net
이지원,79349,충청남도 수원시 권선구 선릉28가 730 (영미우박면),순옥김마을,044-627-8971,iogsun@example.com
김옥자,68863,강원도 파주시 언주로 344-21 (정자황동),예은윤김타워,064-767-8116,bagjiu@example.com
송성호,38655,대전광역시 용산구 강남대68가 597,영길고하타워,018-314-8307,jinubag@example.com
서민서,10616,인천광역시 동대문구 선릉로 661 (현지김동),예원김빌라 F동 571호,017-831-6962,gimseongmin@example.com
고재현,29913,전라남도 시흥시 서초중앙길 783,미정김타워 W동 344호,062-041-6394,vhan@example.com
이경자,25956,대구광역시 서구 테헤란908가 96-65 (성호나이읍),상호김정마을 M동 586호,010-8536-2713,cgim@example.org
황서현,26183,서울특별시 관악구 백제고분9길 527,상현김마을,051-815-2010,yeweonbag@example.org
류민준,70744,서울특별시 종로구 봉은사51가 566 (건우노리),영숙이연립 509호,011-726-2668,coeyeongceol@example.org
김지은,47078,강원도 영동군 논현1로 지하39 (미경최면),예원김아파트 마동 223호,062-069-1399,seongho18@example.com
조정숙,63841,전라남도 안성시 봉은사가 지하893 (지혜최차마을),경희이마을 B동 756호,064-777-3522,munminji@example.org
최은주,99834,경상남도 청주시 청원구 서초중앙88길 지하50 (영숙박동),지혜이주연립 J동 727호,041-109-3344,minseogheo@example.net
김병철,36487,충청남도 용인시 수지구 선릉6가 418-55 (은주최동),지현이김타워 605호,064-790-3088,igim@example.org
김중수,99825,대전광역시 북구 양재천115길 208-60,민재권마을,042-723-6763,pmun@example.org
이건우,48526,경기도 시흥시 봉은사870거리 669 (상현김홍동),유진황아파트 152호,051-737-9599,yeongsunryu@example.org
문경희,23817,경상남도 서천군 논현가 758 (혜진김면),민서김이마을,043-252-4260,ibag@example.net
황아름,94204,광주광역시 노원구 학동로 411-85 (경자권장면),정숙윤이연립 825호,017-448-6201,dohyeonbag@example.net
이성현,69183,인천광역시 은평구 언주6길 117 (준혁류리),민서최타워 F동 257호,064-733-6173,gimgyeongsug@example.net
김정순,46953,부산광역시 송파구 압구정837거리 527,상현이아파트 918호,044-877-4718,seongseongmin@example.com
김광수,09844,경상북도 괴산군 오금64로 466,경자박차타워 나동 802호,041-371-7515,ki@example.com
박정식,77593,서울특별시 서초구 봉은사가 지하188,성수김김타운 571호,010-8687-5631,imminseog@example.org
김승민,71238,대전광역시 구로구 개포가 522 (영희김박면),지민박황마을 G동 484호,054-179-4366,donghyeongim@example.org
최현정,60159,서울특별시 서초구 반포대거리 356-78,예준손손빌라 427호,032-304-1644,vi@example.net
손은정,85241,대구광역시 용산구 도산대3거리 325-11 (예준최장읍),종수이서빌라 Y동 299호,017-298-7955,wmun@example.net
박순자,57668,전라북도 원주시 삼성로 523 (민석박면),수진김빌라,016-443-3604,ihyeonji@example.com
김우진,02913,전라남도 괴산군 삼성65가 지하326,성민고타워,051-584-8376,minji48@example.org
조아름,52875,충청남도 논산시 반포대길 346 (서현이읍),상훈박빌라,044-109-4371,seunghyeon95@example.com
박상훈,58886,광주광역시 광진구 압구정로 392-85 (준혁문윤동),준혁최김빌라,070-3103-4585,igim@example.org
심진호,14936,전라남도 정선군 서초중앙로 210 (미숙김읍),아름진이타운 391호,062-589-2133,jihun76@example.net
김현우,92892,충청북도 고성군 석촌호수5로 58,민준남이빌라 929호,063-267-3396,ogsuni@example.net
김지연,34198,광주광역시 광진구 영동대05가 258 (영진김강동),은정김연립,042-136-1901,imun@example.net
김하은,94276,경상남도 인제군 언주5로 337 (서현고읍),현정배박마을 H동 636호,031-673-8407,fgim@example.org
한정수,46498,경상북도 수원시 개포1길 843-93,성훈우김타운 352호,032-240-6086,yeonggil97@example.com
김아름,69916,제주특별자치도 양구군 가락거리 127-63 (영진윤마을),서현류이빌라 나동 025호,061-981-9986,imyeongsug@example.org
김정숙,59945,충청남도 김포시 석촌호수818로 지하795,명자이이아파트 182호,063-495-9025,bgim@example.org
김유진,53195,전라남도 수원시 장안구 반포대가 850-60 (지훈우장마을),미경안빌라 443호,063-301-4567,jiusin@example.org
이현준,43053,경기도 철원군 서초대6길 848-73,옥자장오마을,064-753-4219,yejuni@example.org
서현준,53729,전라남도 논산시 반포대길 584-3 (은정이이동),종수김민마을 098호,044-077-4401,hyeonju47@example.com
김예원,98421,서울특별시 용산구 삼성가 761-26 (성호이마을),하은김이아파트,032-822-8083,dohyeon66@example.net
박민석,01194,경상북도 광주시 백제고분7길 2 (동현이읍),민재나연립 396호,051-966-3008,jaehyeoni@example.org
서정호,31201,울산광역시 도봉구 삼성거리 610,은정윤연립 다동 156호,031-476-4823,hyeonsugsim@example.net
박정웅,47713,충청남도 보령시 언주37길 840,은지김아파트,016-895-8767,hyeonjeong23@example.org
이은영,64628,부산광역시 성북구 영동대31거리 914-97 (성수황서동),중수정박연립 999호,051-529-3128,gimyejun@example.org
이상철,36021,전라남도 양양군 가락거리 55 (예진오면),성민양김연립 가동 440호,010-9259-1301,cseo@example.org
장수진,21660,강원도 양양군 서초중앙75가 666-31,정숙권박빌라,011-021-6161,eunyeong21@example.org
김영수,12053,울산광역시 동구 테헤란9가 72-24,서연김타운,017-445-7731,mijeong52@example.net
황진우,36697,전라남도 부천시 소사구 도산대184로 990-60,영미최장타워,051-794-8380,hi@example.com
노지현,07919,경상남도 춘천시 개포673거리 915-58 (순자홍김리),지연김김마을 892호,061-305-3264,hyeonjeong41@example.org
이수진,77231,강원도 안양시 동안구 강남대9길 921 (진우최마을),정순안아파트 Y동 246호,063-480-9092,ngim@example.net
양민지,04528,강원도 남양주시 선릉85로 439 (준혁안면),준영양이연립,054-210-3593,minseo27@example.org
장영수,66398,전라북도 보은군 서초중앙538거리 405-66,순옥김안빌라 라동 516호,010-0191-1688,seongsu02@example.com
김현정,99090,강원도 용인시 서초중앙거리 132-15 (진호지최동),하윤이빌라 G동 048호,063-842-5295,ihaeun@example.org
박지아,19188,대구광역시 마포구 압구정로 374,성호류백빌라 E동 382호,044-395-0182,seohyeon27@example.com
양영숙,43005,경상남도 천안시 동남구 석촌호수10가 787-52 (지훈노김마을),병철박마을 601호,011-323-3223,yeongsuni@example.org
이서윤,69922,대전광역시 강북구 도산대2로 672-17,민재박연립 G동 703호,016-684-7338,gimseonyeong@example.org
문옥자,70891,강원도 과천시 테헤란로 지하469 (옥자김리),승민박윤아파트 U동 143호,043-807-8727,geonu84@example.com
백지아,56733,대전광역시 북구 양재천9길 799-79 (진우김황읍),보람김안빌라 Z동 497호,052-698-0783,yeeun31@example.com
박주원,59760,울산광역시 서구 논현941거리 156,지민김오아파트 090호,043-453-2303,xbag@example.net
박상훈,95045,울산광역시 마포구 오금621길 379,우진최마을 D동 421호,041-456-2816,iyeeun@example.org
윤도현,08026,울산광역시 서초구 언주가 891-28 (경수이황면),춘자김구타운 647호,011-038-9283,ijinho@example.com
박정자,15255,부산광역시 영등포구 가락92거리 330,경자김타운 641호,061-271-2148,myeongsug84@example.net
김예준,56331,서울특별시 마포구 삼성길 764 (수빈이박리),예진김김타워 A동 688호,02-5186-6071,yeonghwanbag@example.com
김수진,53117,경기도 양주시 봉은사가 지하747,서영김고타운 Q동 853호,064-743-8314,misug37@example.org
이상현,63047,충청북도 포천시 도산대86로 지하778,진우조타운,031-084-8448,myeongjao@example.com
김영환,17077,경상북도 성남시 수정구 압구정2가 257 (윤서김동),옥자송오타워,042-183-2110,bagseohyeon@example.net
백준영,31705,대구광역시 북구 영동대8로 667-5 (민준김권마을),진호박타워 393호,055-234-6954,ogjai@example.org
한영자,89685,광주광역시 용산구 학동244로 779-69 (준서박면),준혁강마을 701호,053-423-4054,coesangceol@example.net
류수빈,15150,서울특별시 마포구 양재천99로 지하32 (광수김동),예원이타워,061-454-0650,jgim@example.org
김옥순,21096,제주특별자치도 양주시 압구정91가 27,유진이김빌라,032-841-7573,jojeongsig@example.com
이영길,91628,부산광역시 송파구 강남대로 416,민지최마을 464동 188호,017-502-3835,subin07@example.net
김시우,43025,부산광역시 광진구 잠실로 389,수빈이아파트 564호,062-993-7782,asong@example.com
송지훈,97166,전라북도 동해시 언주3가 377,지은안김타워 272호,052-131-7443,ngim@example.com
장성호,73113,대전광역시 동작구 강남대로 지하804,순자서빌라,064-703-8856,sangho38@example.com
이준서,94723,울산광역시 구로구 학동2가 589-81 (지아김읍),지현백황아파트,064-729-7324,jinhoi@example.org
최현지,70252,서울특별시 종로구 반포대길 283 (영희오리),수빈양이타운 다동 054호,041-607-4448,hayun18@example.net
고성민,54553,전라남도 동해시 반포대로 567 (정훈김장리),병철김아파트 118호,062-432-9454,siu47@example.com
김정남,28866,인천광역시 동작구 논현57거리 759,지혜박마을 779호,018-313-8699,jinho65@example.org
오상철,45047,대구광역시 동대문구 양재천길 749-93,정남김타워 다동 092호,070-0963-2469,eunji20@example.org
이우진,47239,서울특별시 서초구 백제고분55로 33-32 (순옥김마을),미경오마을 521호,042-524-9665,jeongungson@example.com
이민준,96413,서울특별시 성동구 선릉03길 825 (영진한마을),재호이신마을,016-253-9598,bgang@example.com
남서영,07614,인천광역시 동작구 개포57거리 503 (현지김권리),미영허연립 806호,044-341-1356,lo@example.net
김명숙,69369,충청북도 음성군 역삼6길 507,민재하김마을 376호,052-677-7028,gimdoyun@example.com
백채원,03851,강원도 평택시 반포대232길 184,민서박타운 297호,02-7016-9998,yeonghobag@example.com
김유진,18026,제주특별자치도 보은군 학동로 493,경희박이타운 367호,033-068-5910,jeongjinu@example.com
김서준,22780,경상북도 군포시 석촌호수로 지하303,지영신박타워 O동 499호,017-336-2486,yeonggil72@example.com
윤지후,07477,서울특별시 도봉구 도산대거리 12-55,은경심아파트 라동 887호,043-541-7097,gyeongsugju@example.net
오민서,08200,대전광역시 용산구 오금길 지하820,혜진김박타워 177호,032-290-5222,jihun22@example.net
김병철,06839,전라남도 안산시 단원구 영동대거리 882 (영철김구면),건우황김타워,041-786-2759,junseogweon@example.net
박유진,56640,인천광역시 용산구 오금381가 102,재호윤연립 B동 971호,02-3563-6283,yeonggil24@example.net
성현준,85946,경기도 의정부시 선릉1거리 288-6,진우민이마을 D동 765호,019-153-5729,iseoyeon@example.net
김정수,48998,경상북도 영월군 잠실3길 331 (성수송리),성훈권최아파트,032-435-4265,jinho17@example.net
이민지,96271,인천광역시 서구 석촌호수길 117 (경숙구나면),민재안이연립 W동 825호,033-704-7423,pgim@example.com
신서준,51852,전라남도 부천시 가락길 495-96,미정박연립,032-400-1058,hcoe@example.org
김예원,43667,세종특별자치시 동대문구 봉은사14로 648,경자유이마을,018-700-5574,yeweongim@example.com
곽경희,55117,세종특별자치시 강서구 삼성070거리 313,영호김아파트 W동 171호,010-2723-4447,uan@example.net
김서현,31305,인천광역시 성북구 백제고분길 2,현숙류마을,018-730-9468,cgim@example.org
허경숙,39621,충청남도 하남시 석촌호수가 940 (정자이마을),정식박타워 047호,033-839-8896,gimsiu@example.net
김재호,31916,인천광역시 중구 논현2거리 632 (영철이우마을),수빈김최타워 032호,02-2458-8816,jieun39@example.com
이준서,50498,경기도 화천군 압구정638가 305 (중수황박면),아름서연립 N동 489호,064-723-6477,coeyejin@example.net
송승현,93805,세종특별자치시 북구 학동거리 지하532,순옥강연립,019-547-3446,jeongsug57@example.net
김미영,40384,대구광역시 도봉구 서초대가 111,유진황마을 R동 448호,042-858-8809,gimyeji@example.org
안성훈,09257,전라남도 아산시 테헤란36가 665-95,시우김빌라 647호,018-810-4441,gimsanghun@example.com
한은지,19082,경기도 고성군 석촌호수거리 155,미영김김마을 V동 341호,043-738-3227,seongmin90@example.com
이윤서,04407,충청북도 양주시 언주0거리 지하130,미영김타워 442호,063-017-7837,gimjongsu@example.org
조병철,90460,울산광역시 마포구 서초대479거리 237-5,영호박김타운 418호,018-153-1393,gangseongho@example.org
서서윤,66344,경상북도 가평군 오금길 392,수빈신아파트 L동 319호,019-507-4229,dgim@example.net
김상훈,24826,인천광역시 동작구 석촌호수597거리 823 (서준김동),서연김빌라 280호,041-976-1813,hyeonu64@example.net
이영길,60967,전라남도 용인시 오금가 314 (선영김읍),정식류이타운 153호,042-532-3262,jieun18@example.org
이명숙,40590,전라남도 파주시 테헤란길 39,정호양한빌라,063-144-5500,bagjaeho@example.net
이은지,86061,충청남도 영동군 압구정로 154,현주김마을 K동 727호,041-791-9437,fi@example.net
양상현,13473,충청북도 화천군 가락로 206-77,정희최강연립 423호,043-609-2277,sugja98@example.org
김영일,40300,대전광역시 종로구 압구정5길 923,숙자이빌라 962호,017-504-0324,bagjeongja@example.net
장지현,01763,전라북도 충주시 양재천6가 443-55 (지혜이읍),지현김송타워 145호,019-711-3756,bagyujin@example.com
홍영자,95415,세종특별자치시 성북구 삼성로 지하167 (경자김박읍),은정서타워 696호,044-263-1035,ujinnam@example.net
이지후,35092,강원도 파주시 영동대617가 181-17 (미정이마을),서현김안마을,017-460-0471,gyeongjai@example.net
강상철,19410,울산광역시 노원구 강남대로 246 (영환권정면),명자박타운 B동 357호,054-748-0823,songsangho@example.org
최승현,49748,충청남도 화천군 영동대76거리 769-67,민지박하타운 517호,044-209-0951,jihu84@example.net
박순옥,77779,전라남도 부여군 가락809거리 838-6,정수이박타워 430호,054-447-9566,cgang@example.org
이지아,13424,전라북도 괴산군 압구정0로 659 (정웅김리),상훈김김아파트 900호,043-618-4957,jungsu78@example.net
김아름,75219,경기도 홍천군 테헤란가 402,승현김타워,016-124-5167,jeongnam76@example.com
권민서,79721,대구광역시 중구 논현길 729,은정윤빌라 S동 190호,042-957-2356,yeongmicoe@example.net
한미숙,49765,경기도 고양시 일산동구 서초대7길 35 (현우이박리),승민김빌라 411호,054-463-0942,yunseohong@example.net
박영수,12484,서울특별시 중구 테헤란가 127 (수빈이김면),광수오김연립 Q동 458호,02-4644-4592,seonghunjang@example.com
장민준,77437,제주특별자치도 용인시 처인구 도산대거리 157 (명자양동),서준오타워 212호,011-941-1935,bagminseo@example.net
윤예진,41605,충청남도 동해시 반포대1거리 지하753 (보람엄리),성수김마을,041-140-8442,dohyeonhong@example.net
서경희,24254,인천광역시 중구 압구정로 803-79,예지박김마을,041-152-3173,ii@example.com
박진호,32863,세종특별자치시 중구 서초대길 282 (지영최면),민지송빌라,011-696-0416,eunji74@example.com
이진호,64766,서울특별시 동대문구 잠실035로 725-65 (은영강마을),중수이김마을 715호,044-583-0806,abag@example.net
김하윤,36423,인천광역시 중랑구 오금8로 518-48,준혁안타워 63동 047호,061-248-5170,yunseogim@example.com
박지훈,89997,경상북도 청주시 청원구 언주9길 158 (순자김박면),미정박연립 Y동 109호,043-065-2203,migyeonggim@example.net
장상현,78544,경상북도 고성군 강남대266거리 835,민수김타운,019-145-6113,gimmiyeong@example.org
유수진,28009,충청남도 태안군 석촌호수가 936-34,예원박이타운 391호,016-023-6340,sujini@example.net
윤중수,93587,세종특별자치시 도봉구 선릉로 지하28 (정숙김박리),성현홍타운 735호,031-912-3640,tjang@example.com
윤승민,81691,서울특별시 동대문구 백제고분295길 284 (지혜이심면),영식전연립,052-912-3185,hayungim@example.com
김종수,73712,부산광역시 강북구 테헤란로 865-43,중수박타운,070-7635-1228,tseo@example.org
김재호,47535,인천광역시 은평구 개포거리 964-72,수진김진마을,055-147-4257,jihun41@example.com
김선영,49674,전라북도 성남시 수정구 가락5길 279 (예지김마을),경수안김마을,053-562-3226,coehaeun@example.org
이현정,91776,경상북도 성남시 수정구 영동대가 455-71 (영희김리),은정김마을,044-042-7623,ggim@example.org
김정남,09517,전라북도 증평군 언주4길 485 (준혁김김리),영일서마을 W동 651호,062-527-1678,fhwang@example.com
강지은,49623,제주특별자치도 이천시 개포가 121,지훈김조타워,031-415-6544,junyeongno@example.org
이은경,62373,세종특별자치시 중랑구 논현867길 976,성수황타운,042-282-8419,xgim@example.net
이준영,23507,강원도 안양시 만안구 압구정길 49-22 (미정차주리),정식서타운 T동 159호,054-167-0581,sangho37@example.org
박건우,88616,인천광역시 서구 양재천길 775,재현김배타운 042호,018-557-8879,jungsugim@example.org
김명숙,64241,인천광역시 남구 언주16길 442 (수진김읍),지훈민아파트 147호,031-734-3786,xgim@example.org
이경희,62708,강원도 용인시 처인구 가락0로 345,정남이타운,042-925-5879,fjo@example.com
최영길,79790,경기도 금산군 가락길 626-36,승현박타워 808동 298호,032-107-5358,eunjui@example.com
권상현,08017,광주광역시 도봉구 서초대로 53 (서현장마을),준서이박아파트 C동 926호,031-884-2404,no@example.com
안건우,38814,대전광역시 강남구 영동대로 지하437 (민서김읍),상현권이연립,055-308-2190,yeongsu55@example.net
김광수,24109,광주광역시 중구 오금로 103-7 (보람한동),성수김이빌라 448호,031-886-0046,agweon@example.com
이현준,75020,울산광역시 서구 양재천7로 180-64 (미경이읍),지후류타운,031-075-9117,xgim@example.net
김승현,64973,대전광역시 구로구 가락15가 963,순자이김타워 416호,018-366-0547,coehyeonjun@example.org
박정호,79442,제주특별자치도 군포시 테헤란길 553 (시우김박리),지훈박타운 571호,054-729-7399,minseog61@example.org
장지훈,31954,경상남도 양양군 백제고분9가 907-55,광수양마을 227호,064-795-1241,gi@example.com
정시우,75007,충청남도 보령시 잠실64로 122,종수김타워 41동 338호,031-757-6179,sugjai@example.com
김아름,35499,광주광역시 구로구 오금802로 441 (병철서읍),상철이연립,052-505-0778,coeminseog@example.org
하준혁,87706,부산광역시 성동구 개포길 75-26,정호최빌라 F동 715호,018-218-1079,gimseongmin@example.net
최정숙,97563,대구광역시 구로구 백제고분거리 939 (예진김김읍),영식류아파트 O동 825호,011-450-6314,sanghun43@example.net
김하은,75713,대전광역시 강동구 개포29로 175-70 (지아허김마을),명자강류타워,064-797-7235,juweonbag@example.net
문지현,89328,충청남도 양구군 강남대길 760-52 (선영류박면),정식최이마을,041-404-2384,iboram@example.org
이영미,83987,대구광역시 남구 삼성로 166-73 (서윤손김리),경수이양타워 라동 466호,044-454-4453,sangho79@example.org
노영일,98119,부산광역시 성북구 압구정5로 68 (민지한신마을),승현류김연립 V동 165호,016-290-3348,areum58@example.net
박옥순,37015,대전광역시 강남구 언주3거리 796,명숙황빌라 Z동 710호,064-776-0909,sugjahong@example.org
우성수,32664,부산광역시 서구 역삼거리 656-24 (미정진박읍),재현최연립 040호,070-2719-8745,gimcunja@example.org
박재현,79888,서울특별시 남구 오금020거리 726-9 (서윤이동),서영김김마을,053-136-8957,ogsunhong@example.org
김영식,62407,충청북도 부여군 영동대75길 지하417 (상호김이마을),정희김윤연립,043-053-4341,baghyejin@example.net
권정희,85704,충청남도 홍성군 오금11로 169,민재최백빌라 322호,054-637-8810,tca@example.net
박병철,41894,광주광역시 서구 학동거리 338-63,윤서이윤마을 495호,055-899-5410,gimseonghyeon@example.org
박은서,23193,인천광역시 동대문구 잠실4가 228 (준영이이리),영일홍마을 S동 869호,044-559-7614,seohyeon05@example.org
이정웅,18955,경기도 태안군 논현길 831,예진최이빌라 599호,043-109-9725,gimjia@example.net
양정수,48010,강원도 양주시 역삼거리 지하803,예지황고타운 C동 330호,033-065-8582,seungmin13@example.net
홍영미,66138,울산광역시 금천구 압구정0길 지하101,상훈이권아파트 Y동 099호,02-4020-7040,gyeongsugim@example.net
하순자,71160,대전광역시 중랑구 언주099로 926,아름이빌라 267호,032-825-5783,gimyeongjin@example.net
이도윤,85579,강원도 수원시 도산대거리 18,영미이김아파트,054-886-0666,seongho55@example.org
최지후,89184,대전광역시 마포구 개포4길 206,영길배문빌라 046호,052-632-0440,yeongsiggim@example.com
이성수,03483,대전광역시 서초구 서초중앙9거리 247 (성진박박면),아름윤이빌라,053-674-4347,jinho89@example.net
김종수,07455,제주특별자치도 광주시 서초중앙661로 145-39 (현숙최동),성수강연립,031-701-6237,donghyeon93@example.com
박정훈,60667,전라남도 서산시 학동6가 82-10,정남배마을 625호,063-980-4022,ijungsu@example.net
이영길,82490,전라북도 예산군 선릉길 18 (정자이서마을),은주김강타운 가동 386호,053-410-9382,gyeongjaryu@example.org
이수진,44145,인천광역시 서구 잠실가 109-70,예준류마을 993호,010-9464-3347,nohyeonju@example.com
최지영,26336,인천광역시 성북구 석촌호수길 600 (은서안마을),영길강배빌라 701호,061-626-1166,jimingo@example.org
김영자,11628,경상남도 부여군 서초대12가 742-6 (유진최면),재호민마을,016-842-8758,tbag@example.com
김상철,34039,경기도 청주시 상당구 선릉81가 475-7 (성훈서김동),민수이빌라 P동 953호,051-206-4235,yejunbag@example.net
류옥순,01959,대전광역시 도봉구 삼성6가 309,예준박타운 970호,042-016-3234,myeongsughan@example.com
이우진,83433,충청남도 성남시 중원구 선릉71로 109,서영배손연립,011-358-0307,bagsangho@example.com
장경희,70264,세종특별자치시 관악구 오금길 924 (성수김김마을),승현이타워 136호,016-701-4794,jihye94@example.org
박영일,62783,세종특별자치시 종로구 도산대11가 266,민석이김타운,061-770-3465,jangyeonghyi@example.com
박정남,35363,광주광역시 금천구 선릉4거리 931 (경자이배면),수민홍황타워,051-463-3402,seunghyeonsong@example.org
최성현,32277,전라남도 군포시 반포대길 744 (정희서신면),현준김타워,018-269-4173,zbag@example.net
박성훈,96341,제주특별자치도 이천시 서초대로 152 (진우박이동),도현이빌라 M동 333호,032-103-9548,ti@example.net
김현준,92672,세종특별자치시 서초구 선릉가 887 (준혁김리),하은최아파트,061-327-8042,mnam@example.net
박지은,11218,전라북도 의왕시 개포길 380-64,채원이타운 U동 506호,031-982-9095,seoyeongi@example.com
김동현,40826,전라남도 용인시 기흥구 압구정62길 249-3 (진우이읍),재현김이타워 09동 147호,010-3662-6593,jinu66@example.net
박성현,61148,제주특별자치도 화성시 서초중앙거리 258-66 (민재김리),정호장김연립 573호,055-963-1658,jinu85@example.org
장영일,73274,전라북도 영월군 개포길 370 (수진김리),영철윤빌라,044-738-0321,isanghyeon@example.org
백정순,31987,광주광역시 영등포구 가락가 지하22,예준이서연립 U동 637호,054-757-4555,jihu69@example.org
이재호,56555,충청북도 태백시 반포대999로 388,정숙조연립,016-246-5286,minjigim@example.com
문동현,07024,경상남도 부천시 소사구 잠실거리 591-49 (순자한읍),정순박김아파트 W동 986호,070-7576-2556,bgim@example.org
구병철,09291,경상북도 수원시 양재천58로 16-51 (상호김리),미영이김마을,055-966-0173,gyeongsu79@example.org
김경수,82969,전라남도 괴산군 언주2길 846 (예진김마을),예지하류마을,051-718-0220,cunja99@example.net
김시우,02322,충청남도 양구군 서초중앙5로 825,민석박심타운 Z동 059호,043-922-1490,jeonghyi38@example.com
이은영,31754,세종특별자치시 영등포구 백제고분거리 905,경자김황연립 726호,017-314-9754,gwagsunja@example.com
강수진,34411,세종특별자치시 북구 도산대로 599 (영숙박지동),상철김빌라 541호,062-057-2200,vyun@example.com
김민서,66711,울산광역시 중구 도산대가 지하839 (정숙우이리),도윤이타운,044-467-8773,seonyeong67@example.org
강명자,85839,세종특별자치시 성동구 강남대223로 997-94 (민준이박읍),영길김안연립,032-305-7526,byeongceoli@example.net
이서영,36480,경기도 성남시 중원구 강남대2가 641,현우남김마을 808호,043-519-9895,yeonghyibag@example.org
전현우,74651,서울특별시 동구 논현거리 576 (서준최면),서준홍아파트 010호,031-504-7580,yejin58@example.net
김동현,79092,대전광역시 송파구 영동대길 6 (승민손김리),정순이권타워 931호,055-099-7648,ubag@example.com
박영길,41766,전라북도 의정부시 삼성6길 지하162,영순박이아파트 708호,031-444-4398,seongsuan@example.org
김윤서,47130,충청남도 안양시 동안구 도산대길 78,하윤박연립 I동 928호,054-248-5733,borami@example.com
최우진,11722,광주광역시 동구 압구정길 218,성현지마을,070-2219-6323,iminseo@example.net
김명자,34102,부산광역시 관악구 백제고분53로 960-34 (지민안이동),영미이연립,019-150-3424,rcoe@example.org
허도윤,23701,충청북도 공주시 오금89거리 852,영길전양연립 766호,032-885-0947,yeonghyigim@example.org
오정훈,94172,대구광역시 광진구 압구정01길 742-8 (현주서김리),시우오김연립 J동 744호,032-671-4026,jeonghogim@example.com
박수민,01845,전라북도 이천시 개포길 683-34,지혜박황타워,051-998-6222,yeonghyicoe@example.net
이재현,88035,충청남도 금산군 도산대길 522 (승민이박면),예원이빌라 654호,054-710-0721,seonyeonggim@example.com
이승현,27271,대구광역시 강서구 봉은사거리 949-42 (지연신리),영순이장아파트 W동 030호,042-562-0008,ggang@example.org
김명자,38072,전라남도 안산시 학동720거리 494 (현정이동),예지오이아파트,053-536-1937,yeonghwan75@example.net
박중수,28703,부산광역시 용산구 테헤란8길 909,수빈김이타운 F동 567호,017-368-5180,yunseogim@example.net
오경수,50668,경상남도 포천시 삼성길 151-11 (재호류읍),윤서김마을 B동 117호,016-412-1752,hyejin70@example.org
안민재,36790,부산광역시 광진구 언주가 544-35,서연문아파트,041-114-3072,sumin85@example.net
서영숙,44499,인천광역시 용산구 테헤란158가 802-76 (승현이안리),민재권박아파트 95동 731호,018-176-7964,jiyeongim@example.org
박정훈,86129,부산광역시 중구 오금1거리 302,혜진이서아파트 418호,017-135-5780,jangyeongsig@example.org
윤경숙,63978,충청남도 논산시 언주거리 880-18 (서준안동),민석최마을 868호,054-377-1789,yeongsugyun@example.com
이명숙,51243,대전광역시 성동구 반포대가 847-80,윤서고아파트,064-780-6622,hongbyeongceol@example.com
최예지,60353,광주광역시 성동구 양재천32길 763-78 (미숙박면),성호박김빌라 H동 123호,052-462-8833,ugim@example.com
김광수,85237,강원도 파주시 영동대거리 994 (예지서최면),영철심타운 P동 877호,062-006-1327,qcoe@example.org
양서준,10330,충청북도 계룡시 서초중앙539로 720-34,승현김김빌라 E동 704호,041-001-1020,seojieun@example.com
노지우,48124,대전광역시 동대문구 서초중앙로 790-96 (영순장면),춘자손박타운 043호,053-306-0107,qgim@example.org
이건우,68796,서울특별시 강서구 잠실089길 662-36 (지우이동),경희박빌라 284호,016-393-5779,gangyujin@example.net
김재호,66063,충청북도 평창군 논현6거리 227-81 (영철박한면),하은김아파트 P동 167호,053-428-9656,gyeongsugi@example.org
김진호,60220,전라남도 시흥시 양재천1로 423-64,은영박연립 627호,016-778-4505,seonghun76@example.com
한지아,82311,세종특별자치시 남구 압구정가 742 (춘자이이면),준서양이빌라,033-316-2290,xcoe@example.net
이지훈,39770,세종특별자치시 강동구 봉은사0로 259-38 (미경황면),채원김연립,019-681-3376,jangcaeweon@example.org
오은정,68622,경기도 광명시 오금길 288 (미영이마을),현주홍박연립 795호,061-188-4688,junhyeog73@example.com
김윤서,77827,광주광역시 동작구 서초중앙437가 772 (민수권홍마을),지우최빌라 나동 719호,043-261-3335,baegsanghun@example.org
박영진,07957,충청남도 고성군 양재천로 260-26 (숙자이면),미영안류연립,033-993-0581,hyeonjun86@example.org
김은주,68180,광주광역시 북구 테헤란99로 622 (춘자하김리),은지김김연립 I동 425호,010-0936-1401,sanghun55@example.com
류성진,23952,충청북도 이천시 학동길 942-65,병철이마을,052-778-1321,honghaeun@example.com
김영자,17595,울산광역시 동작구 반포대3거리 518-41,수빈서안타워 E동 090호,018-119-9672,iseojun@example.com
남승현,33625,전라북도 부천시 서초중앙0로 855-74,도현이황타워 T동 547호,062-632-7926,qhan@example.com
김민지,32097,경기도 시흥시 선릉가 954-46 (윤서배최마을),지연한이타운 229호,070-8232-3632,jangseoyun@example.org
나서준,70048,울산광역시 마포구 서초대273거리 695-37 (지우백동),승민박타운 M동 172호,011-126-4511,gimjeonghun@example.org
최정순,33478,서울특별시 서대문구 서초대가 지하741,광수윤민연립,016-005-2683,yeonggil50@example.net
강지혜,01761,강원도 원주시 반포대로 638-31 (성훈김이마을),준영한안연립 905호,051-120-2968,gimjaeho@example.com
곽현정,36951,광주광역시 영등포구 석촌호수가 416 (병철김강리),아름허타워 J동 371호,019-256-4371,munyeongceol@example.com
김서영,22131,광주광역시 강동구 백제고분4가 675-26 (정훈이마을),정수이마을 292호,042-675-4557,sujin80@example.net
홍정웅,58491,충청남도 성남시 분당구 테헤란3거리 449 (지후이김마을),예지윤최빌라,016-871-0917,sujin62@example.net
이미경,18768,광주광역시 서구 반포대0가 412-44 (예진김박동),정수지차아파트 435호,042-727-1842,seomigyeong@example.com
김서영,81163,충청북도 하남시 봉은사44거리 지하987 (성진김읍),지원박연립 Y동 066호,061-807-6412,yeeungim@example.com
강성민,79305,전라북도 광주시 논현거리 367 (상호장마을),지후강서연립,043-037-6103,gyeongsugim@example.com
강준혁,27094,충청북도 보은군 학동거리 지하929 (옥자강면),은영박타워 X동 389호,044-540-3488,ai@example.com
장성진,03984,광주광역시 송파구 강남대1거리 42-29,순자김아파트 가동 887호,02-1295-1439,vi@example.net
박숙자,47654,인천광역시 중구 압구정거리 827-82,우진양아파트 Z동 206호,011-596-5198,boramcoe@example.org
고현주,21677,전라북도 파주시 압구정6로 지하223,영희김연립 577호,061-512-9381,gyeongja30@example.org
한은서,56849,세종특별자치시 금천구 서초대752길 566 (민석이면),지우김이연립 414호,051-420-8210,gimhaeun@example.org
이은지,28580,전라남도 괴산군 강남대로 지하204,민서박빌라 274호,063-979-2209,hbag@example.net
김도현,74559,세종특별자치시 중랑구 논현가 지하367,명자김류마을 614호,052-943-9171,yeongmii@example.com
김상호,82086,전라북도 충주시 논현969가 255-3 (중수황곽마을),민수김류타운 K동 515호,016-366-1977,vha@example.net
박은경,02435,충청북도 단양군 백제고분로 37 (건우주김면),정호이이타워 N동 954호,018-248-6378,yeonghyii@example.org
최성현,82962,울산광역시 영등포구 가락8길 907-51,서현박빌라 081호,016-168-1818,yeweon03@example.com
곽예준,64617,전라북도 서산시 반포대3거리 531-93,현숙고이타운 738호,055-597-6059,rgweon@example.com
서현정,75506,세종특별자치시 서대문구 삼성가 945 (민수김동),종수오마을 X동 310호,061-042-6605,jeongho01@example.net
김미정,41043,대구광역시 중구 테헤란38로 628 (하윤강박리),종수홍김마을,054-595-6415,ugim@example.org
문성민,61759,전라남도 청주시 청원구 서초대길 847-82 (민수김면),성진최박빌라,053-772-5362,jeongsu19@example.org
윤중수,98990,경상남도 안성시 역삼길 지하421,서윤강김연립 462호,010-8818-4854,yeongja52@example.com
심영수,93169,부산광역시 남구 강남대625길 33 (준혁송마을),정웅이안아파트 223호,011-260-3733,jieunyang@example.org
최수진,76259,충청북도 안산시 단원구 서초대길 718-19 (채원박최동),수빈김빌라 G동 666호,041-572-5398,ominjae@example.com
윤영식,13300,광주광역시 금천구 서초중앙거리 971,병철김장마을 224호,017-586-4480,pgim@example.com
손선영,04825,제주특별자치도 진천군 서초중앙가 838-51 (서연박박리),성훈최김연립 440호,063-217-7045,sangceol63@example.net
박수진,94284,세종특별자치시 서대문구 삼성거리 467,정숙배타운 02동 150호,061-396-9472,hayunhwang@example.com
김상철,18017,대구광역시 서초구 영동대473길 지하981,예은김마을,010-8361-2724,gimseonghyeon@example.org
심아름,30036,전라북도 청주시 서원구 도산대길 162-3,광수이아파트,064-733-6609,gyeongja92@example.org
류영진,85992,경기도 고성군 영동대로 662-16 (광수박노면),동현최빌라 439호,043-604-1630,hyeonjeong93@example.com
홍선영,41361,인천광역시 북구 강남대길 지하183,상철박김마을,011-211-0199,tseo@example.net
안영진,09755,경기도 고양시 덕양구 반포대545길 지하104 (하윤이면),서영신박빌라,017-920-2547,minjigim@example.com
김영순,44480,인천광역시 강남구 학동길 527,지후김아파트,032-511-8306,xhong@example.net
이지연,73817,경상남도 부천시 원미구 압구정로 543,지후김김타운 W동 477호,054-197-5983,gweonjiyeon@example.net
박민준,72259,전라남도 고양시 일산서구 오금로 1-14,성현김노아파트 B동 160호,063-318-5646,minjun91@example.net
이현숙,04854,부산광역시 북구 양재천6가 969,광수오아파트,063-212-9560,yeongsun61@example.net
김은지,77616,전라북도 금산군 잠실527가 20-72 (영자하마을),현숙이오연립,016-585-4392,munmyeongsug@example.com
이현우,28983,경상남도 증평군 가락984가 468 (종수박면),미영배마을 O동 390호,041-751-6371,geonugang@example.com
이은경,78941,경상북도 하남시 봉은사22로 640 (은주이읍),민석강최마을,032-256-2732,ubag@example.com
김정훈,81403,경상북도 평창군 영동대4길 101,현준김김아파트,02-3463-8807,bagogja@example.com
홍숙자,40944,충청북도 동두천시 반포대길 958-87,서준문우타운 L동 364호,010-5038-3488,misug19@example.org
류주원,34775,인천광역시 중구 오금3가 691,지은김김아파트 T동 277호,052-615-2837,eunjeonggim@example.net
조예원,74189,강원도 연천군 오금거리 282,예은김아파트 616호,054-022-6421,byeongceolbag@example.com
문경자,41292,경기도 화천군 개포로 826-91,옥자박마을,016-544-7195,ri@example.org
김서준,98005,강원도 수원시 장안구 영동대길 566 (민준이동),동현장아파트 640호,031-325-7506,cunja17@example.com
배동현,95357,경기도 화성시 가락거리 359 (지훈배이면),정웅이차마을 319호,017-583-2490,ho@example.com
최민지,59568,제주특별자치도 속초시 잠실가 546,현정김김연립,011-782-2104,mgim@example.org
최수진,17386,인천광역시 마포구 영동대로 23 (정웅김면),지연김이마을 676호,033-111-4025,ijaehyeon@example.com
서성현,61412,세종특별자치시 종로구 테헤란917거리 312-48 (정식김강마을),명자한김타워 955호,031-676-0785,hyeonjii@example.net
이정자,24327,충청남도 부천시 소사구 백제고분9가 145 (춘자안이리),현준김박마을,016-165-1369,sugja87@example.org
박승민,88885,인천광역시 동대문구 선릉거리 763 (성수김최면),승현김박마을 J동 635호,019-695-0189,tgim@example.net
이정자,43141,충청북도 춘천시 잠실8로 지하775,하윤황오마을 V동 699호,051-645-5943,eunji71@example.com
남예준,44650,대구광역시 남구 반포대755거리 418 (지혜장문면),정수양장마을,061-995-7104,bagmyeongsug@example.org
송선영,56816,광주광역시 노원구 가락거리 552-90 (민지이읍),성훈최박마을 C동 049호,064-719-1560,byeongceoli@example.net
박준호,81955,충청북도 안산시 반포대가 787,광수김타워 V동 206호,019-561-5095,yeonggilgim@example.org
김유진,09212,세종특별자치시 강남구 테헤란길 276-61 (서영김장면),우진윤윤연립 E동 674호,010-5413-6770,lbaeg@example.com
박예지,61990,충청북도 인제군 압구정거리 655,은정이타운 P동 477호,044-995-9977,jeongsuni@example.org
윤윤서,71194,부산광역시 은평구 테헤란로 713-31 (명숙김동),순자양연립 P동 483호,044-514-4277,ngim@example.com
구순옥,90355,대전광역시 광진구 압구정260거리 지하548,지민김김빌라 976호,064-796-9993,hancaeweon@example.net
윤영철,01150,세종특별자치시 북구 논현51로 802 (정희이권리),도현김빌라 V동 185호,043-859-0451,wgang@example.org
우예원,85479,충청북도 동해시 언주403길 283,정희김박마을 346호,016-772-5339,ubyeongceol@example.net
박영철,49985,인천광역시 관악구 선릉길 422 (영미김동),승민최타워,070-1015-6958,junyeongyun@example.org
진서연,93727,전라남도 의정부시 테헤란가 857 (종수김동),서윤고김아파트 U동 967호,054-937-0702,seongsu74@example.com
이우진,11483,전라북도 횡성군 영동대가 지하441 (수민조이면),은서김타운 X동 990호,019-312-2501,vbag@example.org
이주원,78316,전라남도 수원시 팔달구 개포길 191,정수진연립 T동 479호,042-930-2930,ogja65@example.org
김상훈,79550,대전광역시 동작구 석촌호수로 462,도윤김빌라 280동 478호,02-2045-1040,seosumin@example.org
김현숙,45675,경상북도 연천군 역삼451로 712 (혜진김리),성진김빌라 61동 430호,02-4946-4376,jim@example.com
김현지,73955,경기도 충주시 압구정494거리 108,은서황남마을,031-544-4128,hyejin52@example.com
이경숙,96940,광주광역시 성동구 봉은사4거리 43 (정식류마을),영자한아파트 나동 292호,016-824-7106,ijiu@example.org
이성훈,82487,세종특별자치시 영등포구 양재천가 536-98 (은서이면),현숙박빌라 104호,019-520-7112,gimsumin@example.org
김현준,82822,전라남도 논산시 언주26거리 216 (은주김윤동),정남이박연립 Q동 463호,064-780-4728,sinhyeonsug@example.com
이미정,68586,대전광역시 서대문구 역삼856가 지하483 (순자신양마을),수빈김장타운 296호,032-567-9982,bagdoyun@example.net
김은주,89585,인천광역시 성동구 봉은사93길 336,지원허빌라 804호,062-669-9598,gimjihye@example.org
백시우,51090,대전광역시 은평구 테헤란로 712,정호김강타운,054-320-9238,myeongjacoe@example.net
최지영,05570,대구광역시 중랑구 언주8가 556,숙자이오연립 E동 025호,054-860-5124,gimyeweon@example.org
김서준,42921,세종특별자치시 동작구 테헤란거리 165 (현숙최동),명자김아파트 B동 605호,042-802-5125,lan@example.net
김민지,64264,전라북도 논산시 개포21가 703-82,미숙박박타운 Z동 850호,054-211-3917,jongsu63@example.com
오영철,48142,부산광역시 강남구 오금57가 133-36 (동현권최리),민지이이타운 413호,018-071-6006,jeonghuni@example.net
김지원,88274,경상북도 시흥시 서초대5길 224-83 (동현이마을),민석김우타워,043-407-1514,yeweongim@example.net
김영환,47750,경상북도 하남시 봉은사9로 845-47,성현정연립,011-169-9961,yeonghwani@example.net
이도윤,03033,대전광역시 광진구 영동대54거리 238 (옥순서이동),정희홍김타워 D동 444호,031-604-9847,sunog63@example.net
장정숙,59262,울산광역시 동작구 선릉거리 617-33,진호주류타운 L동 199호,052-221-7714,ogjayang@example.org
오예준,55902,강원도 양양군 반포대860로 213,순옥이빌라,032-191-1160,eunji18@example.net
김명자,48700,강원도 의왕시 석촌호수가 772-49 (현주박면),은주이이연립,041-977-8157,sonseonghyeon@example.org
장상철,94417,충청남도 영월군 서초대7가 552-64,승현김연립 716호,031-885-6915,minjaeyu@example.net
우정순,69613,부산광역시 북구 양재천길 42,성수김빌라 562호,044-967-8120,yeongceol50@example.net
이종수,96414,대전광역시 강서구 선릉길 906,현숙장김연립 562호,054-216-0481,hyeonjungim@example.com
김은정,34657,전라북도 고양시 덕양구 역삼8길 783,재호박한빌라,016-494-5029,ggim@example.org
박성민,06187,경기도 오산시 오금거리 622 (성수김김마을),미경노이연립 297호,061-110-9803,boramgim@example.com
이은주,13657,경상북도 진천군 반포대90길 지하913,영환김김타운,044-789-1319,qju@example.org
노영순,61265,전라남도 안산시 상록구 양재천거리 774-57,도현장타운 나동 342호,041-011-8979,gi@example.org
김미정,43353,전라북도 청주시 청원구 테헤란501가 지하111 (현주노최마을),민수민빌라 D동 133호,041-394-2914,ihyejin@example.com
송지민,20807,경상남도 용인시 기흥구 논현거리 705-59,정남김마을 654호,033-359-0562,siuryu@example.org
이미영,12990,부산광역시 서대문구 언주54로 지하779,현정이나연립,063-853-1796,kcoe@example.org
이예지,51860,충청북도 당진시 역삼3가 668-50 (현정이안리),혜진우타워 다동 107호,042-876-0814,ii@example.com
김현숙,92375,인천광역시 서구 석촌호수로 336 (영환황동),도윤박안타워,061-836-9717,seohyeoncoe@example.com
오지혜,65705,부산광역시 용산구 오금066로 52 (우진문강동),보람이김빌라 H동 584호,061-618-9603,sunjagu@example.net
박경자,89153,경기도 이천시 오금09가 317-52 (경숙이이리),영미최마을,052-725-1367,yeweon32@example.net
김동현,17904,경상북도 단양군 압구정94길 870-66,민준김한빌라,062-342-3310,jiuha@example.net
김옥순,89097,전라북도 하남시 양재천42로 390,영진송이아파트,051-871-8751,hongyeongmi@example.net
김현우,22887,제주특별자치도 부천시 봉은사368거리 420-50 (영환이리),지훈김아파트,02-2504-9442,bagdonghyeon@example.net
박정숙,45098,전라남도 부천시 소사구 서초대거리 721 (정순김송면),영일이타워 937호,011-644-8749,junseogim@example.net
안경숙,63907,인천광역시 중구 양재천6거리 589-48 (동현이면),예준박연립 830호,063-768-8567,hyeonju36@example.org
박승현,91817,광주광역시 강서구 서초중앙110로 866 (명자최노리),윤서홍빌라 771호,062-861-2924,hyeonsugnam@example.net
이지현,42248,강원도 화성시 석촌호수거리 795,미정백빌라 A동 497호,02-6972-3656,ogjagwag@example.org
강성진,75030,서울특별시 중구 강남대04가 404,예지성빌라,033-575-1219,jeongsigcoe@example.org
김영희,52926,부산광역시 종로구 서초대96길 355-17,재호김박아파트 B동 254호,032-486-4534,yejin08@example.net
남지원,83960,경상남도 영월군 봉은사가 404 (하은이심읍),민준이황마을 643호,011-134-7677,xno@example.net
이서현,07396,충청북도 동두천시 테헤란254길 818,유진이아파트 451호,042-149-8580,iminjun@example.org
이미숙,92684,광주광역시 도봉구 강남대로 지하609 (지연김면),수빈심고마을 마동 184호,043-057-7083,yeweon47@example.net
김경자,06605,대전광역시 송파구 언주95거리 970-90 (성진우조면),건우성장아파트,061-435-9491,xryu@example.net
박경희,40488,충청북도 부천시 가락7로 828,진우김마을,016-489-8245,ogsun13@example.net
김예지,35828,경기도 서천군 서초대거리 659-81,옥자안김연립 554호,011-792-3920,songmijeong@example.com
윤민석,36988,서울특별시 중랑구 잠실5길 593-5,정호전김연립 가동 871호,010-5317-9716,tgang@example.org
박하은,81720,대구광역시 영등포구 영동대길 350 (준호최마을),지원최이아파트 726호,010-2760-9699,gweonjinu@example.org
김민수,82826,제주특별자치도 양평군 학동9거리 628-17 (상철강이마을),지훈이빌라 570호,053-148-9577,jeongsughwang@example.net
이병철,68848,세종특별자치시 동대문구 반포대039길 786,경희전아파트 267호,019-779-6719,myeongja08@example.com
이지은,99243,부산광역시 동대문구 언주8거리 606-12,은서박김아파트 902호,043-457-9939,sunjaan@example.org
김동현,99376,경상북도 파주시 압구정526거리 477 (순옥이면),동현이타워,016-136-2880,anseojun@example.com
김현지,31653,서울특별시 용산구 석촌호수82가 692-2 (현우나김리),정희박오연립 S동 555호,055-395-1017,hgu@example.com
나승현,03737,전라남도 천안시 동남구 서초대길 384 (성진김동),재현김타운,033-587-6590,suminnam@example.net
김지아,87060,제주특별자치도 서산시 가락거리 840 (광수박허마을),영수김윤빌라,016-707-5719,vi@example.org
이지은,55658,경상남도 남양주시 테헤란743로 62-60,유진이이아파트,044-407-0900,sanghyeon70@example.com
노명자,02534,인천광역시 용산구 오금9거리 759 (지우이면),성수구손타워 O동 007호,018-334-2738,eungyeongi@example.com
이재호,54574,서울특별시 서초구 잠실9로 436-39,보람곽타운,054-489-7888,goyeongceol@example.net
곽지영,94231,강원도 계룡시 석촌호수길 294-33,정수김하마을 나동 623호,044-885-0603,seonghyeon42@example.net
김지아,35354,강원도 철원군 서초대길 868,숙자김타워,032-430-7299,jiminseo@example.org
이우진,71438,인천광역시 광진구 압구정3로 472,윤서이류타운 Q동 837호,017-910-2145,hyeonju48@example.com
홍선영,40863,전라북도 금산군 압구정로 727,현지노연립 X동 816호,062-929-7511,hgim@example.com
지예준,35835,전라북도 예산군 잠실로 51-8,중수홍마을,031-473-9917,xi@example.net
이민재,51977,울산광역시 북구 영동대길 499-68 (지연권리),영식김빌라 023호,063-394-3756,hyeonji35@example.com
윤정웅,63685,충청북도 태안군 도산대로 976-20,지은송타운 B동 212호,055-053-3996,ryujunyeong@example.org
이성민,34933,경기도 고양시 일산동구 논현거리 933-62,민준이김빌라,02-6549-0326,yhan@example.org
전민석,02816,경기도 남양주시 서초중앙331가 512,승현박허마을,031-457-6068,seongjincoe@example.com
이주원,84672,광주광역시 남구 반포대거리 801-36,우진김타운 415호,033-973-6182,juweongo@example.net
오수민,12095,제주특별자치도 성남시 분당구 석촌호수로 288 (예은박동),민석박연립 M동 020호,061-487-2014,gbag@example.org
윤상철,62076,광주광역시 종로구 영동대110로 510,건우송곽타워 L동 961호,055-705-3799,igim@example.com
심지혜,92665,대구광역시 동구 석촌호수로 581,영희김마을 824호,054-315-8011,jeongsug72@example.org
김경자,93845,경상북도 계룡시 석촌호수거리 917 (민준서동),현준심김타운 O동 388호,052-736-3889,sangho84@example.com
최은정,03357,제주특별자치도 오산시 학동32로 707-83,하은김박타운 Z동 405호,051-958-1638,di@example.com
최정수,39006,경기도 양양군 가락880로 지하209 (정식이양동),은주양연립 P동 027호,063-001-6028,fryu@example.org
나준영,65612,전라북도 평택시 반포대634길 175,은지이아파트,062-808-8219,wyun@example.org
진지훈,84513,충청북도 옥천군 가락1로 53-54,민석이아파트 M동 785호,062-808-2089,ycoe@example.org
윤주원,31911,충청북도 수원시 장안구 테헤란115길 967 (미숙박동),윤서이빌라 589호,041-783-5880,siu58@example.com
이서영,27749,대전광역시 마포구 반포대44로 819-86 (순옥이서읍),유진고김타워,010-5802-8699,cheo@example.com
김정자,39077,경기도 과천시 강남대2로 670-26,승민김아파트 V동 738호,041-725-9676,jihunjeon@example.com
김정순,72095,세종특별자치시 구로구 서초대27길 246-77 (경자이박마을),지혜윤차빌라,051-129-6953,jeongsun74@example.com
안경자,21375,충청남도 청주시 청원구 반포대9거리 576-94 (상훈김읍),영숙이타운 770호,011-282-8893,jseong@example.com
이민재,93710,전라북도 괴산군 강남대41가 697,미경신박빌라 694호,019-546-1128,hi@example.org
고지우,44509,경기도 고양시 덕양구 양재천66거리 764,서영한이마을,011-418-8453,jihye15@example.net
허민서,34961,충청북도 인제군 삼성가 286,준서서아파트 463호,043-322-4545,yeonghwani@example.com
류정식,74435,충청북도 부여군 개포147가 지하667,상현조타워 631호,032-130-6082,sunogbag@example.org
한보람,93895,경상북도 포천시 가락6가 812-98,예준지마을 P동 041호,052-598-8733,ssong@example.net
주은서,41934,부산광역시 서초구 가락가 267-26 (은경김마을),미정김마을,010-9723-0756,hyeonjeong72@example.com
김지아,25601,충청북도 시흥시 도산대0길 492,지은김마을 606호,052-624-3881,bagyejun@example.org
김정호,91071,서울특별시 북구 강남대가 532,윤서서아파트 876호,033-657-5913,yeongmi31@example.com
강진우,21169,경상북도 평창군 반포대2길 23,경숙김김아파트,043-021-6475,seohyeonbag@example.net
고광수,85273,경상북도 홍천군 영동대거리 512-10 (현우박마을),성훈고아파트,063-578-9817,yeonggil72@example.org
김지후,58102,제주특별자치도 속초시 테헤란96로 262-76 (광수장면),미숙이아파트,054-116-1931,seongsuan@example.net
한성호,37991,대전광역시 종로구 가락69길 159-47 (은서오리),도현장마을 C동 074호,031-336-0115,di@example.net
이서현,02338,대전광역시 금천구 선릉11가 654,준영박이빌라 M동 457호,052-515-7659,vno@example.com
지정숙,40078,대구광역시 양천구 언주길 지하130 (춘자백박마을),진호하윤연립 H동 607호,033-386-8448,smun@example.net
양정호,48043,울산광역시 종로구 역삼10길 87-1,성훈안연립,010-9074-9482,hmun@example.com
최예은,01232,광주광역시 노원구 개포로 237-18,민지김김타워,016-491-2834,jeongsugi@example.org
안진우,11394,경상북도 과천시 백제고분541길 지하78 (경숙박리),정희장마을 457호,033-243-7436,hcoe@example.net
심미숙,35202,부산광역시 동대문구 양재천55가 317,정식양박연립 S동 270호,018-297-5492,sumin30@example.net
김준서,65653,서울특별시 중구 개포길 75-98 (현숙송이리),지아김타워,055-590-2342,ehan@example.com
이성민,78121,제주특별자치도 부천시 오정구 강남대03길 618,주원김마을 871호,010-0877-8394,baghyeonjeong@example.com
이서준,50791,대전광역시 광진구 역삼가 175,서현김박연립 G동 981호,016-743-7865,ino@example.org
최민석,44984,경상북도 청주시 서원구 개포길 123 (예원김장면),도윤한이연립 760호,041-539-6877,ngim@example.com
이서영,76315,울산광역시 동대문구 언주19거리 지하678 (윤서최마을),영숙하박타워 941호,051-177-1804,yeeuni@example.com
김현숙,81018,대전광역시 동대문구 삼성로 504-40 (명자김황리),영호김타워 T동 116호,02-1668-2427,gimsiu@example.net
남경희,42070,경기도 파주시 개포74가 264-87,상훈한박마을 006호,063-742-4150,coeeunjeong@example.net
성민석,04632,전라남도 청양군 테헤란728거리 219 (우진이리),경자이마을 166호,011-186-1852,baesunog@example.com
김정훈,46336,부산광역시 양천구 학동9거리 866 (지아조백동),경자김아파트,053-469-4803,seunghyeoni@example.com
강정수,49122,세종특별자치시 영등포구 삼성거리 지하248,영식이연립 A동 800호,043-152-2175,juweon54@example.org
최영호,27835,전라북도 안성시 삼성1가 407,성진남김타워,061-050-6513,yeongsun96@example.org
황지영,39034,대전광역시 영등포구 가락801가 285 (영식양면),성진류박타운,052-048-2692,minsu26@example.net
김영순,58085,강원도 증평군 양재천길 528,영수박양타운,031-089-8247,ujeon@example.org
최우진,75521,광주광역시 강남구 석촌호수길 지하54 (영수윤동),지은손김아파트 245호,063-256-8587,yson@example.com
이상훈,98746,부산광역시 송파구 서초중앙571가 560 (영철이동),경자배타운 795호,054-806-7202,gsin@example.net
서경수,24674,서울특별시 광진구 논현28길 지하480 (현숙남박리),준호박권타워 083호,044-053-9326,seonghoson@example.com
권혜진,62521,부산광역시 동구 반포대88거리 955,영환최타워 W동 174호,032-468-3134,jeonghyii@example.net
김정식,03928,제주특별자치도 홍성군 양재천79거리 276-59 (정웅이김동),종수나마을 743호,053-899-5100,munjihun@example.net
최은지,44662,경상남도 청양군 도산대가 110-75 (광수성동),영호김박연립 736호,017-878-0592,gimeunju@example.net
강병철,43204,서울특별시 금천구 서초중앙로 지하649 (영호백동),은주김아파트,019-984-2438,junhyeog13@example.net
이상현,02791,경기도 동해시 잠실9가 346 (은주김이마을),영순김타운,010-0679-1292,yeongsu60@example.org
심예원,15187,충청북도 고양시 덕양구 서초중앙로 617 (지연정동),수빈신김타운 503호,017-506-8744,jbag@example.net
김도윤,75343,충청남도 부천시 선릉265로 86-74,정식권빌라,053-160-7895,mijeong55@example.org
황순자,36931,제주특별자치도 단양군 서초대로 237-16,옥순이연립 344호,016-999-9542,whwang@example.org
김정순,91670,세종특별자치시 동대문구 석촌호수가 505 (하은김면),정남김김연립,062-636-8950,nsong@example.org
박민서,17578,세종특별자치시 북구 잠실거리 533,정희박손타운,053-876-9900,mmun@example.com
김상훈,05353,경기도 김포시 잠실2거리 지하356 (서준하읍),경수권빌라 마동 559호,018-708-8033,fjo@example.com
김건우,61167,울산광역시 서구 테헤란8거리 976,정남홍김연립,031-620-2772,jinugim@example.org
박정훈,42788,경상남도 용인시 수지구 서초대5길 747-57 (재현안박면),선영양타워 P동 539호,041-252-1110,ijongsu@example.com
김정순,54313,대구광역시 남구 가락로 791,경희이타운 U동 951호,055-779-0427,yeongjajeong@example.net
김영수,60569,울산광역시 종로구 압구정93길 980 (승현주김리),정순서연립,062-611-2447,pgim@example.org
김현우,27263,강원도 용인시 처인구 가락231거리 639-67,영순김김타워,055-855-8518,jgwag@example.org
손성현,11022,전라남도 안산시 개포941길 281-51 (서윤허손동),종수문마을,052-578-2150,eungyeong03@example.org
이성훈,08058,전라남도 강릉시 압구정56로 508-77 (정호이고읍),상철김박마을,044-176-9640,ai@example.org
이도윤,63445,대전광역시 노원구 반포대로 235-47 (미영오김리),서준장타운 V동 040호,051-494-5990,minseo08@example.net
이지민,91631,광주광역시 중랑구 논현18길 300-71 (준서손류면),정수김마을 K동 256호,042-459-7184,kbag@example.org
박상현,92967,전라남도 시흥시 삼성거리 422 (정수김김마을),서현오김타워 634호,017-543-2350,sangho82@example.net
김순자,93557,경상북도 이천시 봉은사5로 65,서영김이타운 930호,044-564-1237,ogsun81@example.net
심정수,76736,세종특별자치시 동작구 압구정길 398 (지아서황동),은주장이마을 380호,064-787-8133,igim@example.org
장지혜,82924,울산광역시 노원구 도산대70로 286 (경숙문리),정훈이타운 564호,017-961-4079,yunseoi@example.net
송예은,50620,서울특별시 북구 영동대30가 642 (혜진박동),정자박연립 L동 726호,010-2263-7963,heoyeongho@example.net
김현숙,50555,충청북도 증평군 논현56거리 679 (경수김최리),유진김타워 382호,063-834-4467,gimminjae@example.org
윤선영,08247,세종특별자치시 관악구 봉은사9로 53 (정식김리),현주이윤아파트,063-024-4707,jeongja40@example.org
최보람,74664,대구광역시 동대문구 봉은사19거리 202,도현박강연립,011-629-9781,di@example.net
이병철,83178,울산광역시 동작구 논현가 800 (동현이홍동),종수최주연립 446호,061-760-1769,haeun37@example.org
박민재,05433,전라남도 용인시 기흥구 삼성221로 904-61 (서연이마을),병철배연립 26동 890호,062-141-3524,ei@example.net
이서준,51133,부산광역시 남구 백제고분가 지하957,현정김나타워,044-468-3542,djeong@example.com
김준영,10927,제주특별자치도 인제군 학동가 887 (경자김황마을),지후박황빌라,053-125-7843,najeonghyi@example.org
남은서,28165,경기도 금산군 백제고분21가 176-38 (미경윤최동),민수송김연립 M동 128호,019-095-5988,coemigyeong@example.com
이재현,09930,충청남도 부천시 소사구 잠실72로 981 (은서김마을),동현이강마을 791호,033-888-0533,hyeonji82@example.com
박은주,78635,경상남도 동해시 영동대로 743-51 (준혁이면),보람정마을 174호,031-255-8906,seungmingim@example.com
이지후,82000,경상남도 안양시 가락2로 769 (순옥김리),채원이타운,017-067-8896,isunog@example.org
박수진,58350,제주특별자치도 속초시 언주길 670-81,옥순최마을 196호,016-939-1363,yeongceolo@example.net
신민준,47374,전라남도 남양주시 서초중앙가 695 (예은김읍),미영이송타워 A동 518호,02-1151-1114,minsu88@example.com
하성민,65669,강원도 제천시 서초중앙44길 300 (진호김면),순자김타운,055-102-5903,cayunseo@example.org
김숙자,85434,전라남도 의왕시 가락거리 392-75,경희남정마을,033-930-1551,doyunyang@example.net
이정순,72531,충청북도 청주시 청원구 서초중앙로 381-84 (지혜홍정면),성진김김타워 938호,054-437-5460,junyeongbag@example.org
박준영,66151,경상북도 광주시 석촌호수4길 400-3,숙자김김연립,032-499-0668,qgo@example.net
박도윤,69674,대구광역시 양천구 언주가 523,명숙이아파트,063-256-6785,mijeong22@example.org
장지원,93054,전라북도 포천시 백제고분거리 지하937,명자구장아파트 Q동 621호,031-257-8951,yeongja57@example.org
송수민,97674,전라남도 보은군 영동대길 123-23,영철김김타워 W동 230호,032-901-0679,seongminsong@example.com
심동현,30522,대구광역시 강서구 영동대21가 571-65 (지연김허면),정희유타운,033-169-1168,yhong@example.org
최지민,62558,전라남도 수원시 팔달구 영동대715길 643,민준김김빌라 R동 135호,011-958-6288,gimseunghyeon@example.com
이영호,84494,경상북도 용인시 수지구 논현로 지하777 (영철신마을),경숙장송타운 다동 792호,055-562-8827,gimyeongsug@example.org
송지연,19691,울산광역시 관악구 영동대86로 864,하은이타운 532호,051-329-8244,gweoneungyeong@example.net
이지훈,59832,세종특별자치시 구로구 강남대92로 793-46 (윤서박면),수빈이안타운 038호,032-154-7462,minseoggweon@example.org
이은지,94079,대전광역시 중구 테헤란길 629-84 (서영조이면),정수박김타워 U동 834호,062-271-1962,yeongceolhwang@example.org
김보람,72843,전라남도 부천시 소사구 압구정98가 203 (예은박이동),성훈이연립,010-4117-2308,gi@example.org
양정웅,77910,울산광역시 용산구 언주9가 190 (중수이리),영순강윤마을 G동 509호,052-347-5376,miyeongson@example.com
김윤서,16651,경기도 청주시 상당구 영동대651길 963,미경최마을 V동 601호,031-172-7065,cunjana@example.com
김서윤,53928,서울특별시 양천구 논현8가 597-77,중수김아파트,055-491-0579,gimdonghyeon@example.org
강경숙,53367,충청남도 청주시 흥덕구 언주길 700-77 (지영강김면),유진오빌라 633호,032-574-6722,jihyeoncoe@example.org
구동현,99615,대구광역시 도봉구 석촌호수거리 558 (현숙김권동),순옥최신아파트,032-173-6229,doyungim@example.net
하영숙,27259,전라북도 의왕시 삼성4거리 737-14,민수이아파트 545호,061-821-3450,igim@example.net
김정남,07292,서울특별시 강북구 삼성가 13-58 (현주김리),지우박김마을,062-686-4355,gimbyeongceol@example.net
박서현,74232,충청북도 고양시 일산서구 도산대가 지하922,지원이아파트 973호,062-057-3107,junho31@example.org
양종수,47577,울산광역시 종로구 언주387길 지하316 (경수김이동),도윤김심타운,010-8274-6460,ngang@example.net
우보람,50197,세종특별자치시 동대문구 영동대67길 297-29 (지혜김홍마을),서준임연립,070-3470-1666,ogjagim@example.org
박정자,97653,경기도 정선군 양재천3가 501-85 (미숙김면),정숙윤연립 642호,041-869-0573,minseog14@example.org
고현우,17069,인천광역시 양천구 압구정23거리 935-39,도윤김장아파트 693호,042-631-5415,wca@example.net
김정훈,42923,강원도 안양시 서초대52가 601 (명자박리),현지김강연립,033-200-5984,seunghyeon25@example.org
김정식,53246,부산광역시 은평구 오금773로 337,경숙민김마을,055-251-6938,baggyeongsu@example.com
오혜진,04144,전라남도 용인시 처인구 가락498거리 569 (정숙김동),서영최이타워 I동 226호,010-9849-1864,can@example.org
박민수,40568,전라남도 천안시 동남구 선릉15길 805-7,지후이안마을 818호,061-518-9655,sumin29@example.com
이시우,97466,광주광역시 강남구 강남대거리 454,지민김연립 D동 918호,016-040-1148,idohyeon@example.net
김혜진,14786,인천광역시 관악구 압구정7로 451 (지연최읍),영수강타워 M동 426호,011-381-8132,junho03@example.net
양준서,82849,부산광역시 강동구 백제고분거리 330,은서안연립 187호,042-050-2717,hwangeunjeong@example.com
이수진,22181,충청북도 홍성군 역삼2로 499,현지양박타운 787호,063-859-8151,junhyeogi@example.com
배시우,20825,강원도 평창군 서초중앙9거리 534 (아름조마을),경자최이타워,064-784-5654,mgim@example.net
이지훈,96512,울산광역시 서초구 가락40가 지하92,정웅김서연립,016-600-7606,seonghun46@example.net
이준호,80333,충청북도 용인시 처인구 도산대로 870,건우남이아파트 791동 376호,032-138-3692,ugu@example.com
박준혁,56689,울산광역시 마포구 강남대8로 451,영호양김아파트,02-1726-5950,egim@example.org
양경숙,98225,인천광역시 영등포구 강남대361가 지하99,예진최최타운 Y동 120호,010-5188-2831,eungyeongmin@example.org
장예은,18645,제주특별자치도 포천시 오금9가 지하353,현주강김타운 R동 892호,052-131-4305,hyejin94@example.org
김지훈,05949,강원도 이천시 석촌호수거리 195-5 (준호강마을),성수남타워 라동 592호,044-585-2166,hyejin47@example.org
김지연,85184,경상남도 안양시 만안구 언주911거리 762,옥순김김마을 X동 910호,033-581-6960,seonghyeono@example.org
이예지,61320,강원도 안양시 언주거리 지하186,민석김김마을 O동 940호,041-898-0546,sujin77@example.com
박보람,98321,부산광역시 은평구 강남대가 364 (영환김김읍),옥자김타운 347호,044-466-6134,xi@example.net
박상철,63233,충청북도 용인시 기흥구 가락가 486-72,예준송이연립 Z동 631호,063-767-5391,yejun50@example.com
김종수,17093,충청남도 성남시 개포길 87-84,영미김타워 660호,042-543-7249,jeongung79@example.org
김진우,47287,광주광역시 금천구 서초중앙길 342 (은주김백면),수빈김타워,052-506-1978,gimeunji@example.net
이정자,58268,경기도 부천시 잠실3가 520 (영진이리),영식서박빌라 Z동 572호,017-595-7157,ejeon@example.com
김예원,07345,대전광역시 은평구 언주543거리 276,진우김민빌라 228호,063-420-1014,gangyeongja@example.com
구민수,53072,충청북도 당진시 삼성길 622 (현지김읍),정웅박아파트,043-164-1268,doyuni@example.org
김민수,78691,부산광역시 송파구 압구정거리 706-20,윤서김빌라 F동 329호,054-207-0832,ucoe@example.net
이영일,57649,제주특별자치도 안성시 가락로 605-72 (준혁김김읍),정식한연립 535호,018-316-8616,yeongsui@example.org
이중수,55337,광주광역시 동대문구 논현1거리 193,지영박양아파트,016-435-0307,si@example.net
김정자,00994,제주특별자치도 부천시 오정구 역삼거리 223-42,정남김최빌라 525호,051-497-7385,dgim@example.com
김예준,70269,인천광역시 중구 테헤란로 183 (미경이박읍),보람김김마을 R동 567호,016-094-0908,simminseo@example.com
김재현,09732,대구광역시 강서구 서초중앙1거리 562 (지연김김리),민지주타운 M동 303호,044-874-8763,hwangseojun@example.net
백영희,16504,대구광역시 남구 역삼가 317 (진호김읍),재호박연립 768호,055-003-9872,jieunmun@example.net
한정남,06403,충청남도 동해시 역삼길 936-24 (영희안김읍),진호최김빌라 454호,018-934-9097,junseobag@example.org
오정식,71858,전라북도 의정부시 백제고분로 58 (서윤나동),정희최배아파트,064-776-4772,gimseoyeong@example.com
서정식,68944,전라북도 보령시 테헤란82로 지하511 (중수김면),윤서이이타워 085호,032-846-5763,wyu@example.org
한영자,31367,경상남도 청주시 상당구 석촌호수5길 지하311 (민수김마을),옥자박전타워 J동 417호,02-3080-9001,mcoe@example.com
김동현,29692,충청남도 음성군 서초중앙거리 155 (영미김면),선영이이마을 다동 178호,053-172-5052,doyungim@example.com
박광수,67420,전라북도 속초시 언주46가 963-72 (영숙이서마을),경수이김마을,033-254-5735,sunogbag@example.net
박성훈,14214,충청북도 강릉시 가락길 723 (도윤김이읍),성진김마을,033-922-8336,vi@example.org
최미숙,30295,경기도 수원시 석촌호수가 지하445 (성진김읍),성현이빌라 571호,052-790-5691,sanghojeong@example.net
오정남,77809,전라북도 군포시 강남대거리 653 (정훈김면),옥자김이아파트,064-738-1988,sujin97@example.com
이예준,96468,제주특별자치도 괴산군 백제고분7길 788-30 (민지박오읍),상훈박문타워 669호,031-133-8143,yejin33@example.org
김도윤,10837,울산광역시 광진구 테헤란거리 229,아름서류마을 400호,010-5477-6741,yeongceolbag@example.net
김동현,14034,대전광역시 성동구 석촌호수432거리 536-55 (영미이이동),예원이김타운 가동 142호,017-583-5034,seonghyeon61@example.com
김영순,15794,경상남도 태백시 논현580거리 88 (서윤백김리),영길김타운 J동 238호,052-654-3962,egim@example.com
김미숙,53587,부산광역시 구로구 서초중앙로 285-79,지우이타워,051-444-3475,dgim@example.com
이수민,67107,광주광역시 도봉구 삼성길 362 (미영이이리),예준이타워 P동 376호,042-384-3664,li@example.com
정정훈,64237,울산광역시 중랑구 논현길 160 (현지곽이면),민석이황연립 932호,061-623-3508,seunghyeon76@example.com
신은주,75833,전라북도 의왕시 백제고분7길 891-55 (우진정김면),영자황빌라 658호,064-724-8419,yeonghyii@example.net
한우진,84562,전라남도 안양시 동안구 서초중앙46거리 지하544 (성진이마을),정숙안김연립,042-186-9755,yeongceoli@example.net
송성수,09150,부산광역시 강북구 학동거리 910-33,수진박박연립,053-720-8044,migyeonghan@example.org
김지아,70800,서울특별시 은평구 테헤란로 449,은서박이마을,016-316-7925,mbag@example.com
송현우,85936,서울특별시 동대문구 양재천로 972-84 (경자윤김마을),현지윤최타운,011-428-4880,ngweon@example.com
박예은,09520,경상북도 부여군 도산대955로 지하72 (상철지리),수진강김타운,055-091-4292,seoboram@example.org
강현지,59428,충청북도 성남시 중원구 백제고분거리 지하334 (정자김남면),숙자최연립 929호,064-772-1413,seongsu58@example.com
황지훈,01737,울산광역시 서초구 논현65로 17 (지영노이동),지연이송타운 G동 104호,054-847-9389,myeongjagweon@example.net
곽영식,77276,전라남도 성남시 분당구 삼성거리 127-83 (선영김마을),미정장마을 885호,053-959-7290,minseo90@example.com
조민석,48570,충청남도 괴산군 백제고분거리 502 (채원박홍마을),은지박이빌라 446호,011-300-7966,seojun74@example.net
김정웅,26636,대구광역시 강북구 압구정22길 437-7 (성현전읍),하윤이빌라 606호,033-257-2738,yeongjacoe@example.org
한영미,42621,강원도 태안군 삼성길 813,성진박타워 V동 070호,051-355-5907,wi@example.com
최광수,52631,세종특별자치시 종로구 개포로 785,영자이김타워,063-467-4221,gimdonghyeon@example.net
최은서,45144,충청남도 원주시 논현059거리 541-27 (도현민김동),지혜박아파트 D동 299호,011-368-5953,yeongmi41@example.org
김미경,23834,부산광역시 송파구 압구정로 368-82,민서남류아파트 094호,041-074-6456,wgim@example.com
김유진,88689,경상북도 계룡시 양재천길 400-39 (영식이면),은주강강마을 H동 399호,054-724-5597,anjuweon@example.com
지서현,17176,부산광역시 서대문구 석촌호수가 266-8,혜진주타워 가동 023호,051-007-4985,vi@example.com
고정훈,66756,경상북도 파주시 봉은사30거리 691,서연박아파트,070-0289-6414,bagyejin@example.org
윤서연,74037,인천광역시 노원구 봉은사거리 545 (정순박고마을),중수김김연립 D동 539호,061-702-2020,fbag@example.org
문경자,30304,서울특별시 노원구 양재천67로 지하931,수민김타워 다동 475호,031-932-9753,ujin89@example.org
이성호,79478,인천광역시 강남구 언주길 997-58 (순옥이면),민지박아파트 W동 037호,052-877-4276,jeongsu74@example.net
이우진,94827,경기도 서산시 도산대847길 498 (준혁민이리),선영김타운,062-291-5660,byeongceol62@example.net
이경자,15719,세종특별자치시 동작구 서초중앙거리 984-90 (옥자서면),성현서연립 881호,044-481-7471,gimyeweon@example.com
구보람,23412,경상남도 포천시 테헤란74로 899 (상철양읍),정숙허이마을 333호,010-0985-7258,zi@example.net
심민지,44536,서울특별시 관악구 영동대849거리 378 (보람김김면),도윤박타워 다동 327호,064-707-2623,coehyeonu@example.com
김성수,68045,광주광역시 강북구 개포73가 지하717 (정웅서마을),명숙이신타운 D동 292호,051-884-3857,yeongmihan@example.com
곽은서,43304,전라북도 화천군 압구정48가 537 (예지이최마을),예진윤최아파트,033-807-3930,yeonghogweon@example.net
김경자,89770,부산광역시 중구 개포7가 855,지은이빌라 393호,043-252-1252,tbag@example.org
한영자,79127,광주광역시 관악구 개포로 249-62,중수엄타워,055-194-7784,jimin94@example.org
이병철,16698,광주광역시 동구 도산대020로 996-69,경숙윤최마을 855호,051-091-7842,bgim@example.net
오예준,51340,세종특별자치시 동구 언주거리 589 (승현윤장동),지우송마을,042-704-4994,seoyun37@example.com
박성현,01665,경상북도 속초시 영동대976거리 203 (서윤장읍),정식김이타운 767호,043-955-9154,sinjunseo@example.net
황민서,55705,경상북도 연천군 반포대3가 423,정숙주연립 J동 221호,061-067-9202,seonghun71@example.net
이영수,82360,강원도 양주시 논현길 39,중수김연립 바동 420호,054-117-0759,noyeongsu@example.com
이상철,15127,충청남도 당진시 반포대가 352 (지훈강이면),성훈김빌라 V동 631호,044-699-1268,gimgwangsu@example.com
류성현,42338,부산광역시 중구 선릉거리 636-7,서연최연립 479호,016-081-8095,seonyeong74@example.org
이경희,16683,서울특별시 동대문구 선릉거리 203-66 (은서조박면),지연곽타워 489호,019-651-8096,gimhyeonju@example.net
김순옥,90625,경상남도 안양시 동안구 서초대가 163-42,지영최곽타운 262호,052-555-0693,ai@example.com
강서윤,57785,서울특별시 성동구 오금가 974,지연김아파트,032-805-4374,heosiu@example.com
권재현,83843,전라남도 안산시 상록구 백제고분643로 17 (하은김진읍),건우성타워,053-537-4512,coeseojun@example.com
서성민,43940,인천광역시 서초구 서초대926로 656-36,영수김타운 547호,031-443-5899,ihayun@example.org
우성훈,05070,대구광역시 영등포구 석촌호수01길 지하365,보람최강아파트 U동 703호,016-201-5790,gimseunghyeon@example.com
이미영,38209,강원도 부천시 소사구 압구정11거리 944-89 (현지심면),순옥이황타운 C동 737호,052-843-9464,jangyeongjin@example.com
박성훈,43986,강원도 청주시 상당구 테헤란994길 960,은지양신아파트 Q동 097호,052-891-9972,yunseo12@example.com
이주원,11068,충청북도 금산군 테헤란가 370 (옥자김면),진호장연립 520호,055-509-9194,zi@example.net
김우진,59367,전라남도 원주시 잠실길 385 (보람박면),영길김타운,055-269-1336,donghyeongweon@example.org
김지영,51337,강원도 진천군 강남대거리 지하872,성수김타운,063-102-2740,haseojun@example.org
이정자,86846,대전광역시 용산구 강남대415길 842-21 (건우한김읍),상철이문연립 418호,032-247-2602,mcoe@example.com
이서현,54635,경상남도 공주시 개포길 845 (정희윤최마을),미숙문타워 791호,052-120-4627,junhyeog15@example.net
이은경,50082,서울특별시 서대문구 강남대16로 지하37,성훈이연립 나동 757호,063-141-7030,sgweon@example.net
김미영,02379,인천광역시 송파구 영동대로 630-10 (광수류마을),준혁김장마을 B동 218호,064-787-2651,yejibag@example.net
최서연,64706,충청북도 부천시 서초중앙385거리 399-15 (현준주읍),수민김서타워 133호,019-595-8017,gyeongsu51@example.com
서중수,85664,부산광역시 영등포구 개포211거리 338-99,아름김타워,016-358-9645,hyeonjicoe@example.net
김종수,06982,부산광역시 영등포구 개포7길 904-5,상현심유빌라 Y동 096호,062-755-7792,junhyeogu@example.com
김순옥,50570,경상남도 연천군 도산대05길 157-21 (민지김한면),지후박김타운 174호,052-286-1831,ki@example.net
박지원,94535,전라북도 안산시 단원구 양재천709가 34-40,성진서연립,055-491-7131,hyeonji89@example.org
한정숙,48989,광주광역시 도봉구 학동60가 190-4 (예은김박면),정자김타운,016-277-5240,pbag@example.com
장경희,59305,제주특별자치도 성남시 중원구 잠실가 378 (서연김동),영식김아파트,055-671-3974,yeongsungim@example.net
김수민,70314,부산광역시 성동구 언주거리 299 (재호김면),영환김문타워,053-322-4633,bagjinu@example.org
권성진,75342,서울특별시 종로구 서초중앙941거리 지하763,진우김안타워 Q동 496호,052-990-3572,seonghun49@example.net
김정순,33718,인천광역시 성동구 학동2길 870,서현배타워,044-300-0877,seonghunhan@example.net
배미숙,54617,세종특별자치시 강남구 가락로 867-42,성호허최타운,063-106-2807,jiyeon21@example.com
한정호,77696,전라북도 청주시 청원구 테헤란03가 309-13,서현김아파트 161호,061-548-2063,ygweon@example.net
한예은,96762,경기도 안양시 삼성로 지하591,지아박문빌라 T동 262호,070-3304-3826,jojeonghun@example.net
조상철,86225,충청북도 여주시 서초대672거리 253-25,현지최연립,010-3195-6871,yeongmi00@example.org
윤현숙,51482,서울특별시 서구 언주로 44,진호허김타운,042-846-6108,baeghyeonjeong@example.org
이현지,85385,서울특별시 동작구 언주22거리 256-68 (상철류면),병철이김연립 다동 496호,051-715-7018,sonhyejin@example.com
박지원,22109,부산광역시 강서구 개포7로 666 (예지최면),미정한윤타운,061-502-3217,ganggeonu@example.net
장유진,51145,울산광역시 동작구 역삼거리 880,지우박손타운 마동 396호,02-3863-6328,seongjin64@example.com
김진우,83759,충청북도 안성시 양재천68가 638 (서현정리),영수손김타워,061-424-8885,nambyeongceol@example.org
차민지,14801,전라북도 고성군 압구정67길 515 (경숙장마을),명자송타운 Z동 033호,064-709-3854,bagyeonghyi@example.org
배윤서,93657,광주광역시 관악구 개포로 지하99,예원이연립,070-7762-4178,wseong@example.org
이은경,19978,대구광역시 도봉구 삼성433길 911-11,민준김양마을 552호,044-445-9399,jinho44@example.net
노정웅,21840,충청남도 태안군 오금511거리 383 (순자이마을),경자양류타운,033-389-7167,jeongho49@example.org
박성진,43952,세종특별자치시 강서구 테헤란길 193-26 (지후서읍),서준김강연립,010-1208-1166,seoyunmun@example.com
한서현,10248,제주특별자치도 수원시 장안구 선릉6로 411 (진호김안리),성훈김김타운,032-760-1718,sangceol22@example.com
박지아,15671,충청남도 철원군 오금로 732 (준서윤이면),정식김타운,061-808-0826,ebag@example.com
윤주원,75207,대구광역시 성동구 서초대거리 388,정식조연립,033-560-7090,qsong@example.net
최재현,43683,전라남도 철원군 역삼길 25-98,민서김강타워 바동 369호,033-763-1016,mgim@example.com
이정자,70308,서울특별시 동작구 언주9로 42 (옥자안이읍),상현신타워 803호,063-786-4094,gimjeongho@example.com
최승현,84161,경기도 서천군 영동대가 209-15,정식서타운,053-570-4313,vcoe@example.com
안지영,41737,울산광역시 서초구 오금10길 지하988,민수이김아파트 474호,041-747-4748,gimyeongsun@example.org
박중수,30873,대구광역시 관악구 봉은사2거리 398-43 (영호우리),정식허연립 398호,033-787-4071,jeonghun64@example.org
황영진,52791,충청남도 고성군 영동대9거리 900-28,서영주김타운,064-779-3375,yeongsiggim@example.com
김혜진,35310,인천광역시 강동구 삼성가 157-2,민지이김아파트 648동 531호,017-569-0036,seojun00@example.com
강예준,68611,경기도 성남시 분당구 개포989로 567-50,영희이최연립,061-482-7825,gangminseo@example.net
이병철,82391,전라북도 고양시 강남대0가 지하427 (지원김읍),지은김연립 067호,055-851-9284,yeonggilbag@example.org
김성현,78866,충청북도 군포시 논현가 606 (상호김엄면),수민이타워 740호,02-6217-0014,umun@example.net
강정훈,25427,충청남도 횡성군 학동326로 167,정자홍빌라 Y동 126호,016-404-8975,jaehyeonbag@example.net
엄성수,94456,충청북도 광명시 강남대130길 305-68,지연박이마을 B동 900호,011-268-7933,songyeongho@example.org
류아름,83129,대전광역시 중구 잠실로 30-91 (정호박마을),수빈김박마을 655호,063-644-0497,nbag@example.org
박종수,79497,경상남도 횡성군 학동거리 915 (지원김한리),정호안빌라,054-111-5007,eunjeonggim@example.org
김상훈,63903,대구광역시 송파구 선릉거리 88 (지훈송리),미정김타운,051-410-3044,hgang@example.net
김광수,34603,강원도 화천군 오금로 490 (영자허면),수진문아파트 009호,019-211-6912,jeongho29@example.org
남준서,00645,광주광역시 강북구 학동478길 964 (지현김면),도현강연립 H동 440호,02-8541-6698,jihyehong@example.com
김영미,23371,부산광역시 송파구 언주거리 767,민재이아파트 A동 627호,032-735-6322,myeongja00@example.net
류영환,70865,서울특별시 중랑구 개포00거리 967-33,하윤최아파트 271호,044-086-6732,hyeonsug41@example.com
김성호,41120,대구광역시 성동구 백제고분56가 636 (정호강지읍),정자김최연립 A동 191호,053-360-0075,mjeon@example.org
김지현,76979,서울특별시 마포구 개포길 803,지훈송김마을 562호,019-688-4559,dbag@example.org
이현정,97443,대전광역시 강남구 강남대가 434 (아름김이동),민석김김마을,052-301-0364,gbag@example.org
강미정,35517,강원도 고성군 역삼219가 650,은정김연립 Z동 599호,053-825-3717,qbag@example.org
김정호,74106,대전광역시 노원구 양재천184길 지하637,진호지아파트 Q동 160호,011-019-1847,gimjeongsun@example.org
장미영,47058,울산광역시 종로구 반포대길 131-81 (옥자김면),지원곽연립 678호,031-617-9320,gimjinu@example.org
박하은,54204,충청북도 아산시 역삼11거리 지하81,영철김김빌라,011-371-8979,suminhong@example.net
노서현,09211,경기도 충주시 강남대로 624 (미영류성마을),서현한하연립,033-259-4418,ihyeonju@example.com
김종수,47432,부산광역시 강동구 논현거리 451,수진이윤아파트 108호,017-906-5615,cunjagim@example.com
문미경,65417,대구광역시 북구 언주길 621-64,진호남김마을 O동 242호,070-2422-0038,bagyeongja@example.net
허지현,51679,충청남도 수원시 권선구 가락로 960,민석이장타운,063-591-2714,ujincoe@example.com
박진호,46716,울산광역시 중구 역삼55길 193 (미숙이리),민재김박아파트,063-834-4343,yunyeongsu@example.com
김은지,47911,울산광역시 북구 잠실거리 69-52 (예은김동),민지윤연립,062-347-9095,pyun@example.net
배미정,31335,광주광역시 영등포구 오금거리 323,정웅고손연립,02-3400-5237,hyeonu08@example.net
손도윤,56984,경상북도 안산시 상록구 강남대로 272-66,미경송김타운 바동 833호,063-332-8793,ogsungim@example.com
최민재,35677,세종특별자치시 중랑구 논현52길 254-53 (윤서황하읍),지현유아파트,042-323-9438,jeonghun40@example.net
김영환,15677,부산광역시 양천구 서초중앙766가 779 (영숙최문마을),현우이우타워 T동 058호,033-993-6209,jinu66@example.org
박상훈,82185,충청북도 성남시 분당구 강남대거리 860-48,영일강마을,017-254-7694,sujin02@example.org
이준혁,49727,경상남도 삼척시 논현길 894,옥자김타운 J동 970호,010-2710-8338,iyeongsug@example.org
김서윤,31113,세종특별자치시 용산구 압구정가 490 (민서이리),미영문빌라 바동 991호,061-317-2985,ijinu@example.com
한지민,55580,세종특별자치시 송파구 백제고분254로 581,지후김문빌라 Q동 383호,032-546-8456,sunog65@example.net
김은정,81357,광주광역시 동구 양재천797거리 지하7,종수이연립 378호,011-562-4920,dohyeon35@example.com
김중수,58647,서울특별시 영등포구 도산대거리 123-80 (현숙이리),준호김타운 383호,043-280-9022,seojun55@example.org
안민수,87958,인천광역시 동작구 압구정007로 361-17 (우진김황리),성호문최타워,064-766-1345,boraman@example.net
강수진,36054,전라남도 정선군 봉은사4거리 257-35 (은서윤박마을),영미이김타운,010-0522-2135,simjia@example.org
김지우,46597,대전광역시 도봉구 반포대가 지하921,도윤홍김연립,011-354-1307,lgim@example.org
윤미숙,18683,서울특별시 강동구 학동11길 491 (순자박동),상훈김송마을,044-890-1508,seojun01@example.net
배병철,66437,세종특별자치시 동작구 개포거리 986-93 (지아최강동),지원홍강아파트,033-688-3580,junseo99@example.com
박종수,91718,서울특별시 강서구 강남대6로 470,준영김연립,053-248-6073,gimjeongsig@example.com
권지우,71358,울산광역시 구로구 반포대6가 657-65 (은영양동),영미박마을 955호,019-855-7500,boramgim@example.org
박상호,79210,경상북도 홍성군 삼성길 658-37 (성훈이면),예준박김타운 990호,070-0407-4166,hi@example.net
양건우,07645,제주특별자치도 수원시 권선구 봉은사9거리 816,예진윤김빌라,054-407-5537,yeongsu36@example.net
전도윤,36530,울산광역시 관악구 잠실3가 928-92 (민재김최읍),재호김빌라,010-1208-8247,jungsu55@example.net
김서영,52786,전라남도 태안군 백제고분765가 225,병철배장아파트,063-732-0417,ugim@example.org
윤영수,86490,경상북도 아산시 봉은사가 431 (건우지읍),서윤김마을 611호,051-458-7029,hanyeongsug@example.org
장영희,72315,전라남도 포천시 잠실44로 761,경자이아파트 P동 883호,043-463-1785,jca@example.net
홍민재,60436,부산광역시 노원구 봉은사길 966,선영김안타워 D동 622호,051-685-2996,minjaei@example.com
이현정,06859,경상북도 속초시 압구정길 318,영길이강아파트,062-000-1955,songyeongsug@example.org
김재현,27091,제주특별자치도 삼척시 잠실거리 137 (미영조이면),현지김빌라,031-316-7645,coejia@example.org
김도현,98690,대구광역시 구로구 반포대7거리 227-55 (준서이마을),지연박최아파트 I동 130호,044-393-5765,jhwang@example.com
오광수,47429,충청북도 안산시 단원구 반포대길 483 (도현김오동),미숙김마을,052-532-5846,seongjinsin@example.com
이춘자,39452,인천광역시 서대문구 서초대4길 397,예준한권타워 747호,061-702-6029,yyun@example.com
박상훈,45345,대구광역시 서초구 잠실길 463 (은영이장읍),동현윤이빌라 O동 465호,017-820-8434,minseoghong@example.net
이정훈,26190,대구광역시 강서구 가락04로 667,예준김타워,016-610-6675,seongminbag@example.net
이영식,56682,경상남도 홍성군 가락로 125-16 (서현박남면),숙자김타워 Y동 849호,044-999-2791,hanyunseo@example.com
김상훈,46597,충청북도 옥천군 압구정가 747 (승민한마을),정웅이타운 421호,031-713-6630,jeongsun74@example.net
이영환,97746,세종특별자치시 서구 언주로 547,주원한빌라,032-815-2109,gangeunji@example.net
이지우,87550,경기도 홍성군 삼성로 105 (민준김김리),은지문마을 690호,052-965-9455,ryuyeweon@example.net
고은지,14572,대구광역시 동구 테헤란3거리 127-11,보람최이타운 X동 043호,070-4449-8843,myeongsug14@example.com
이정남,61592,강원도 화성시 개포길 443 (준서고이면),영일정빌라,019-355-9263,pgim@example.net
김영식,54051,대구광역시 서초구 학동96로 948,미정김연립 Q동 645호,011-052-9129,gimyeongsu@example.com
이정훈,62009,대구광역시 광진구 석촌호수26거리 588 (주원김김읍),진우서김마을 832호,033-533-7311,areumgim@example.net
김영수,04222,서울특별시 양천구 삼성268가 34,건우김이연립 875호,02-8664-6867,hyeonjihan@example.com
류수민,83261,세종특별자치시 강북구 역삼4가 597-85 (서준이마을),서영이연립 286호,011-389-3303,hwangogsun@example.com
김상현,12970,충청남도 양구군 개포로 744 (하윤김김읍),민준김연립 724호,041-849-0463,ygim@example.com
한현숙,55736,전라북도 춘천시 가락길 154,수진최아파트,033-865-6060,zgim@example.com
차지연,22023,인천광역시 동대문구 백제고분가 205,민수박김아파트 가동 877호,019-450-8917,sangceolseo@example.com
이은경,88937,전라남도 부여군 도산대거리 998 (우진윤마을),영수오이아파트 700호,062-316-1129,hongyeongjin@example.org
나지원,84662,전라남도 부천시 오정구 석촌호수로 986 (옥자권박동),지민김이빌라 349호,02-0467-0909,ijongsu@example.net
김예준,11324,제주특별자치도 당진시 석촌호수900길 149-20,수진김최타워,052-453-3355,eunji06@example.net
이현지,39702,경기도 평택시 테헤란가 지하333 (현숙김김읍),현준박타워 N동 023호,019-369-7733,eungyeong61@example.com
권시우,79000,경상북도 논산시 언주3길 829-24,상현안김빌라 P동 619호,061-527-8950,jeongho14@example.org
이은정,21418,전라남도 파주시 도산대906가 410-21,서준김아파트 518호,044-591-3558,ogim@example.net
홍도윤,81811,대구광역시 종로구 언주길 746,은지김김빌라,070-8069-1553,minseocoe@example.org
노민석,92744,충청북도 포천시 압구정로 923 (지훈차김읍),정남이최타운 O동 212호,033-629-2990,imhyeonjeong@example.net
최경수,16717,전라북도 부천시 오정구 오금로 504 (경희박마을),수빈김마을 K동 975호,062-155-0124,wgim@example.net
박진호,81349,인천광역시 서구 영동대8거리 577-36,성수김김타운 418호,070-6688-8470,yeongjingang@example.net
안민석,99986,울산광역시 강남구 서초대0가 685,예은박김타운,017-491-9418,gwangsu62@example.com
고서준,87419,세종특별자치시 서대문구 서초대735로 588-95 (상철김마을),민석김김아파트 Z동 774호,02-6977-3652,ygang@example.com
배윤서,44650,경상남도 성남시 중원구 역삼거리 229,지은엄아파트,053-290-6090,yeongsuggim@example.org
김혜진,62765,울산광역시 관악구 석촌호수로 991-96 (재현이면),진우김아파트,043-863-5971,dyang@example.net
박영미,53870,경상남도 당진시 양재천로 653-17 (성현최김리),광수노마을 11동 437호,062-879-6510,ujin61@example.net
이동현,83261,제주특별자치도 인제군 양재천213길 754,성현최연립 Q동 148호,032-752-6937,jeonghyi86@example.net
엄지현,04128,경상북도 용인시 수지구 오금로 188-73,은영황타운,033-173-2900,yeongmio@example.com
윤민수,70156,서울특별시 강남구 논현07길 지하916,종수이빌라 309호,02-6723-1038,yejingim@example.net
송영길,26989,전라남도 제천시 언주가 지하750 (은지송이리),영식송신아파트 930호,070-5754-0406,gwangsugweon@example.net
최민준,30710,전라북도 횡성군 봉은사126로 919,민준강빌라 546호,010-1429-1885,jeongsun39@example.org
이광수,56339,광주광역시 중구 서초대476길 347 (영수김이리),수빈김타운 442호,018-417-6124,yeongceol62@example.com
권은영,82026,경기도 시흥시 테헤란거리 지하741 (선영박김리),재호이아파트 616호,031-125-2627,xgim@example.net
김보람,88631,서울특별시 남구 테헤란로 154,순옥김타워 310호,019-898-4252,gyeongsug45@example.org
김정호,39249,인천광역시 서대문구 잠실4길 952,승민서타워,016-698-2175,iminseog@example.com
윤은지,72387,경기도 공주시 역삼길 지하15,진우고마을 507동 833호,032-922-7866,yejii@example.org
김서윤,15502,인천광역시 용산구 봉은사길 860,순옥권타운,051-004-5437,junseobaeg@example.com
박예은,71857,대전광역시 양천구 영동대2가 962,진호서김연립 673호,018-605-6099,jeongung63@example.com
류채원,65506,울산광역시 강남구 백제고분가 지하364 (성민이동),옥자이차아파트 559호,017-006-7863,jihye42@example.net
윤채원,49328,세종특별자치시 강남구 석촌호수거리 194,영순이권마을 Y동 509호,043-604-2607,ihyeonjeong@example.net
강민수,30680,부산광역시 성동구 선릉거리 558-18,진우이강타운,041-281-1947,gimyejun@example.net
박하윤,82029,경기도 수원시 장안구 영동대773거리 877-81 (지후김이리),경희배아파트,011-828-4064,yejibag@example.org
김서준,94300,인천광역시 송파구 개포길 983,민준김타워 Q동 934호,017-489-4332,yeongceoljo@example.net
지미영,16512,서울특별시 은평구 선릉47길 986 (혜진남양면),예지최안마을 626호,017-204-0345,haeun87@example.org
우성수,14426,부산광역시 강서구 반포대253로 504-62 (성훈김이면),준서주김연립,062-784-7402,migyeongjeong@example.com
손순옥,14973,전라북도 용인시 반포대로 755-68 (도현황동),준혁김마을 166호,063-950-7151,qgim@example.com
고시우,62448,경기도 안산시 단원구 강남대길 414,승현구김아파트 356호,070-4940-1545,jinugim@example.com
최준호,62166,대전광역시 강남구 개포가 498 (영철임박마을),상현김연립 291호,033-824-9109,iboram@example.org
김아름,73727,경기도 청주시 서원구 학동32길 833,은지이아파트,054-988-9854,umigyeong@example.net
박상현,98013,부산광역시 북구 양재천6길 688,선영송고아파트 나동 718호,053-506-4015,sujin81@example.net
김지우,18641,충청북도 동두천시 언주83거리 729,민준김마을,032-766-4247,gimyeongjin@example.net
김보람,72108,서울특별시 강동구 강남대938로 600-52 (혜진김읍),건우오유연립,033-343-4187,ecoe@example.com
이춘자,51501,전라북도 천안시 서북구 강남대60가 571 (미경김장읍),상훈이안빌라 N동 224호,044-448-7113,jihuu@example.com
황준호,14093,울산광역시 강남구 삼성96가 965-6,지민강이연립,018-934-9940,yeongsug38@example.org
박승현,00909,세종특별자치시 노원구 역삼길 134-20,지훈박이마을 라동 113호,019-632-0949,jeongjunho@example.org
김선영,53144,충청북도 괴산군 언주4길 944-41 (지연송최마을),은영엄타운 582호,010-1195-7828,jinho82@example.net
박지민,54909,대전광역시 관악구 서초중앙427길 230,현준이아파트 103호,051-081-8287,hwangeunji@example.org
윤준서,60055,제주특별자치도 수원시 권선구 봉은사1로 857 (영숙김마을),지아허빌라 118호,032-817-2503,hyeonsug56@example.net
서민재,57682,울산광역시 서대문구 역삼로 927-7,성현오연립,053-002-3394,eunjumun@example.net
안영자,26275,경기도 양구군 테헤란거리 235 (경희문리),순옥김지타워,018-730-7945,tbae@example.org
김영수,21678,서울특별시 송파구 압구정길 497 (우진김마을),영순윤최타워,061-058-7510,ogsun39@example.net
김지영,85629,울산광역시 중랑구 도산대25길 175,승민김빌라 889호,064-726-8774,migyeong37@example.com
류현우,47988,강원도 수원시 역삼가 712-50 (준호장박면),서현이빌라 284호,052-753-2034,bagseoyeong@example.net
김경희,16471,대구광역시 서대문구 영동대0로 105 (성민배고동),상철백김빌라,011-760-6039,jiyeong19@example.com
이영환,20445,경기도 양주시 개포거리 623 (성호손장마을),영환서빌라,032-237-2100,wi@example.org
이정식,07948,대전광역시 도봉구 도산대가 87-54,시우이윤빌라 759호,042-413-9762,sunog18@example.com
우미숙,70217,전라남도 강릉시 선릉가 847-65,채원홍김빌라 S동 879호,042-716-8446,boramno@example.net
전영숙,17804,충청남도 청양군 도산대0가 406-74 (윤서김마을),영진박김아파트 K동 013호,031-576-5024,jeongung44@example.org
한지원,99355,인천광역시 양천구 서초중앙63거리 721-92,미숙김타워 나동 338호,053-745-0779,njang@example.com
김병철,47247,세종특별자치시 금천구 반포대가 249-16 (준호김마을),상철양고마을 B동 782호,053-153-3961,hongjaeho@example.com
이정숙,06039,서울특별시 노원구 반포대길 151,숙자박타운,017-475-6600,jeonghun70@example.com
강준서,97273,서울특별시 강북구 서초대길 180,경숙김빌라 086호,054-062-8508,gimsugja@example.org
김정희,43463,부산광역시 도봉구 석촌호수43거리 273,예원김타워,019-709-5831,bagjihu@example.com
안혜진,97612,서울특별시 강남구 언주가 909-43 (민석김면),준서손박타워,033-480-9356,ogsun03@example.com
박경자,21807,제주특별자치도 청주시 흥덕구 양재천276거리 887 (지민이동),상호고김마을,063-508-5508,xhan@example.net
김선영,23728,경상북도 춘천시 백제고분4길 지하294 (승민최최동),시우오마을 061호,041-683-2430,hwangjihu@example.org
김상호,35446,제주특별자치도 서천군 도산대387거리 932-6 (은주류최마을),도윤성이타운 517호,051-178-1397,oyeongceol@example.org
김민수,50681,충청북도 금산군 영동대거리 994 (영환신면),아름박타워 447호,061-480-8193,mijeong80@example.net
고윤서,23199,경기도 천안시 서북구 봉은사7거리 142-29,진호박김빌라 가동 521호,070-6457-5214,siu34@example.com
이현준,56120,충청북도 고양시 압구정4가 905-32,지연한마을 나동 739호,032-881-3081,sangho04@example.org
김정순,27406,충청북도 과천시 서초중앙09가 942 (민지박읍),승민김아파트 W동 121호,011-187-0555,hwangjunseo@example.org
박지후,22767,울산광역시 관악구 도산대로 791 (지후김강리),승민김김아파트 967호,02-6629-2124,songmyeongja@example.com
박지아,40087,전라남도 수원시 권선구 석촌호수거리 613,옥자허장마을 J동 944호,070-1940-4622,fi@example.org
최미숙,18781,대전광역시 영등포구 압구정길 888,동현권연립 U동 886호,017-691-8635,yeongjin73@example.com
김경희,33598,광주광역시 성동구 봉은사127길 949-67 (현정권이마을),영미박연립 036호,02-5842-8977,seongjini@example.org
김정웅,63518,광주광역시 서구 역삼819로 815,준호강빌라 T동 368호,019-171-2202,bagmisug@example.com
김옥순,75057,대전광역시 광진구 오금913길 511-79,경희김마을,042-659-1180,gbaeg@example.net
김미숙,14844,충청북도 동두천시 테헤란74길 19,영순강연립 637호,017-241-0001,jihye51@example.com
김서윤,03278,서울특별시 노원구 개포36가 271-73,재현하아파트,033-705-0699,hyeonugim@example.org
최상훈,93699,울산광역시 동구 가락길 961-99,영수이아파트,042-898-6339,jyun@example.net
진지혜,66546,제주특별자치도 평택시 서초중앙로 625,지영김오연립 416호,064-733-7749,juweongim@example.net
김정순,29029,제주특별자치도 과천시 가락1로 399 (선영김주리),보람손장연립 가동 469호,055-513-9753,gyeongsui@example.com
김상현,12450,충청북도 하남시 반포대11길 6,서영박박연립 M동 762호,053-882-2306,pi@example.net
박종수,06277,경기도 강릉시 선릉909가 776 (광수김송읍),정자김김아파트 나동 433호,033-984-0445,zyang@example.net
성지영,85584,인천광역시 영등포구 양재천410길 98 (정훈김류면),영숙이윤빌라,010-5527-4824,yunsanghyeon@example.org
박선영,07478,충청북도 증평군 양재천85거리 305 (지영김면),수빈박연립 바동 664호,055-356-2941,jeonghyigim@example.net
이예준,62523,서울특별시 서구 가락213로 236-74 (수빈박리),성진이빌라 03동 944호,016-030-6504,qcoe@example.org
김영일,42154,울산광역시 중구 논현길 지하246,경숙이김빌라,043-505-2081,hayun46@example.org
한성진,88477,서울특별시 서초구 역삼가 91-16,정순박전아파트,070-7092-7937,pyu@example.net
김은지,84085,서울특별시 은평구 삼성03길 638 (정수노동),승민서이마을 909호,031-006-1756,fgim@example.net
최서영,30402,서울특별시 용산구 석촌호수76거리 517 (영호김한읍),정수김연립,031-959-6578,yejinu@example.org
문지우,68299,서울특별시 동작구 도산대가 718-78 (보람김동),미영유이연립,043-963-0997,isanghun@example.com
최은경,67276,대전광역시 도봉구 강남대0거리 990 (영길김서동),병철이빌라 017호,044-501-8241,hayujin@example.com
김지후,42970,인천광역시 도봉구 압구정202거리 292-78,정숙이박연립,043-624-5448,gangeunjeong@example.com
박준호,33024,제주특별자치도 김포시 삼성740가 979 (예진김면),영수김아파트,017-916-8362,jihyegim@example.org
김정호,97457,부산광역시 양천구 도산대길 454 (예준송한동),현준엄박마을,043-669-1841,ncoe@example.org
김민수,45662,경기도 충주시 서초대4가 334-7 (재호김이마을),춘자이나마을 069호,064-731-8904,zbag@example.net
이미영,82214,울산광역시 서구 백제고분길 942-81 (영식김동),선영김마을 다동 342호,054-977-3732,sonyunseo@example.net
김지영,06932,대전광역시 영등포구 개포가 428-36 (윤서김이읍),준혁전빌라,011-382-0021,seongsuhwang@example.com
허정식,11498,전라남도 고양시 일산서구 석촌호수7가 710,정희이김빌라,011-526-1843,hgim@example.com
박명숙,07471,인천광역시 강북구 영동대97로 405-7 (서현이이마을),서윤양김타운 G동 886호,010-4882-8355,gangmisug@example.net
김민재,12201,충청북도 증평군 석촌호수838로 109,상철김아파트,033-806-0504,yeonghyii@example.org
이아름,99541,인천광역시 노원구 도산대80가 552-55 (영희고강면),영철박김타워,055-615-9201,miyeongsong@example.net
최중수,31163,세종특별자치시 강남구 선릉46로 203,성현윤연립,052-628-2245,joyeongho@example.net
우현숙,67586,제주특별자치도 천안시 동남구 서초대66거리 지하790 (은지이읍),지연최서연립 383호,061-748-9078,yunsumin@example.com
김지아,85805,대전광역시 동구 오금거리 30 (지은오동),우진이황타워 047호,018-727-6987,jihyeonbag@example.com
안성훈,00112,울산광역시 강서구 언주9거리 983-92,하은김타워 P동 834호,055-302-3978,yeonghoi@example.com
김수진,20511,충청북도 양구군 개포거리 365,경자권마을 G동 931호,010-7587-0843,gimsangho@example.com
하시우,67863,경상남도 화성시 서초대길 90,서현김최타운,055-639-2881,gyeongjabag@example.net
류상철,45171,대구광역시 남구 삼성로 939 (춘자김박마을),정훈류연립 나동 850호,016-237-0902,nheo@example.net
이미경,93912,대구광역시 광진구 역삼797가 827,지원홍구타워 X동 932호,033-754-9985,fgweon@example.com
최준호,99769,전라북도 제천시 도산대0거리 870-57 (미숙오고면),예원홍노빌라,016-765-1469,jiyeong88@example.net
김준서,98687,서울특별시 강남구 논현755거리 726-95,민재장아파트 998호,02-7216-0314,yeongjasong@example.org
이정훈,75005,서울특별시 중랑구 학동로 388,진호문김타운,055-207-1531,eunju28@example.net
황예진,12843,대전광역시 성동구 역삼975로 945-50 (수진임읍),민준최빌라 197호,064-754-8369,yujin96@example.net
김준호,25973,광주광역시 구로구 테헤란7길 436-36 (영미김동),지영한남빌라,052-627-5776,mgu@example.org
주미숙,18104,경상남도 양구군 테헤란로 202-2,은지김연립 Q동 229호,070-5735-1226,seonyeong48@example.org
민상현,65055,광주광역시 동구 백제고분로 126-54 (선영김마을),준서신이타운 O동 987호,011-880-0039,jmun@example.net
최준혁,16535,충청남도 용인시 서초중앙거리 113-62 (순자김리),미영권연립,041-219-8714,ssim@example.com
김영길,10802,경상남도 양평군 양재천거리 686 (은지문김마을),영진류강마을,017-612-1578,yejun45@example.com
최서준,08679,제주특별자치도 수원시 권선구 테헤란8가 954 (현숙구리),지영양장타운,051-434-5014,naseunghyeon@example.net
김성진,48215,경기도 청양군 서초대36가 53-43,수민양이아파트 153호,054-325-5964,minseo27@example.com
박승민,49238,대구광역시 강북구 가락6가 931 (재현양읍),영일황박마을 995호,055-422-9112,ujin88@example.org
김영진,95014,대구광역시 송파구 개포06가 398-13 (아름오면),선영박아파트,064-788-6722,ogja02@example.com
우재호,00794,제주특별자치도 광명시 양재천5길 215-85 (예지박면),혜진김김빌라 813호,042-397-5016,jihyehan@example.net
한지현,11219,전라북도 수원시 팔달구 압구정로 196,정숙이아파트 118호,019-064-1220,baegwangsu@example.net
김옥순,78096,대구광역시 남구 역삼18가 267 (상훈박김마을),예은엄이타워 307동 901호,018-672-1258,dno@example.com
최보람,50304,울산광역시 광진구 학동로 493-36,민지김김마을 959호,054-064-6277,yeongsugim@example.com
김영숙,28540,인천광역시 서초구 석촌호수거리 389 (은주문리),영미고빌라 988호,032-121-7949,ebag@example.net
김서윤,96660,제주특별자치도 동해시 학동985로 340 (정희김동),영자지강연립 626호,02-3459-8621,jeonghungim@example.org
이경숙,67781,서울특별시 서초구 반포대거리 71 (진우서김읍),정수양빌라 E동 018호,054-183-2281,seongmin63@example.com
곽서준,78170,울산광역시 강남구 오금03길 593 (건우박면),경숙김이타운 H동 163호,063-087-7840,li@example.net
남주원,76810,제주특별자치도 청주시 흥덕구 학동가 951-45 (미영고황동),예진안이타워,016-327-1307,ijuweon@example.org
서지은,22271,세종특별자치시 양천구 영동대가 987,정식유빌라 927동 541호,062-799-0632,mijeonggim@example.net
김준호,78131,서울특별시 노원구 가락6거리 지하74,경숙김김타워 W동 073호,018-660-6052,yeonghyii@example.com
손영수,47892,세종특별자치시 동작구 오금로 649-75,상훈문빌라,018-933-6851,gohaeun@example.org
김순자,37472,광주광역시 성동구 강남대01로 59 (정자박이마을),혜진이윤아파트,041-360-0528,oi@example.org
박민서,75911,대구광역시 중랑구 역삼5로 552 (미정김서동),정훈김이타워,018-338-2390,gimseoyun@example.com
박민서,51112,경기도 논산시 학동로 325 (하은구리),지연백타워,062-445-4804,minseo00@example.org
김준영,35646,울산광역시 강남구 석촌호수12거리 912-84 (지후전황면),정순양마을 F동 908호,017-490-0724,sangceolan@example.com
